[{"model": "sessions.session", "pk": "0w4w9rkpp24ftvmv5t2uk6atouk8j14e", "fields": {"session_data": ".eJxVjEEOgjAURO_StWnwt7S_Lt1zhmYo_RY1kFBYGe-uJCx0O--9eamIbS1xq3mJ46AuypydOv2uPdIjTzsa7phus07ztC5jr3dFH7Tqbh7y83q4fwcFtXxrBxYgsyW4QK0PbQATCTecek6JGpHGexiGF-OtS4YtW0vEkGyg3h8ojDfz:1vtb1F:kBGnq6E77QBPCpc_eRjeWNiLK4e-sG0JKnxy50EzjC8", "expire_date": "2026-03-07T00:38:49.855Z"}}, {"model": "sessions.session", "pk": "0w9kl28yq6owbqpqbgpuvbjxv0j4ek13", "fields": {"session_data": ".eJxVjMEOwiAQRP-FsyFQEIpH734DWXYXqRpISnsy_rtt0oPeJvPezFtEWJcS185znEhchNFanH7bBPjkuiN6QL03ia0u85TkrsiDdnlrxK_r4f4dFOhlW2dzdplRoUfreDCjGkIICQ2CZ0KftaEQRtTg3BaTgmTJsQOlsrfai88XPzg4mA:1vtZgN:wb3MyC7HmHG79eHqyP5vdxOdfHBYGgGYt0g8hcBl-hA", "expire_date": "2026-03-06T23:13:11.519Z"}}, {"model": "sessions.session", "pk": "0x95pdle6oa13569ayej0hh1g6a1egc3", "fields": {"session_data": ".eJxVjEsOwjAMRO-SNYqcJrEIS_acIbJjhxRQK_WzQtydVuoCdqN5b-ZtMq1Ly-usU-7FXIwHNKfflqk8ddiRPGi4j7aMwzL1bHfFHnS2t1H0dT3cv4NGc9vWSZS7WoEESiKpnNAhqC8sHqF2rmwxsFPv8UwROQYIjjpSdMBRzOcLX5I5AA:1vtEZn:EsIMxbmUe-rDxxrCKyHWq0XvL3EG1VnltnBjPMcIEwU", "expire_date": "2026-03-06T00:40:59.897Z"}}, {"model": "sessions.session", "pk": "1c4my1qp2tzslr3dbt1d8mt6frdrg3vp", "fields": {"session_data": ".eJxVjMsOwiAQRf-FtSHAIA-X7v0GMgwgVQNJaVfGf7dNutDtOefeNwu4LjWsI89hSuzClLDs9Esj0jO3XaUHtnvn1NsyT5HvCT_s4Lee8ut6tH8HFUfd1uTPSMIQ-RSdU07KohEAClJGl8mUpC1IDRFAFcIiFG1U5WiJjPbs8wVRPjlR:1vs9lG:jN77Cbq24-oJ36DbZ0TxWewo2ly8qmtjcfxeJsntbEM", "expire_date": "2026-03-03T01:20:22.867Z"}}, {"model": "sessions.session", "pk": "1i368h1old7gu2z6wcodehqff449p7r2", "fields": {"session_data": ".eJxVjDkOAjEQBP_iGFm-D0Jy3mDNzI7wArKlPSLE38HSBhB2V6leosC-1bKvvJR5EmdhjROn3xeBHtwGmu7Qbl1Sb9syoxyKPOgqr33i5-Vw_wIV1jrCpDFlAg7KeMDkovLA5CN4m1GxTzmipoAKTADwyMpYp-k7Exsi8f4AMrY4dQ:1vttyR:I36Uq0-6W5boK35mkYrnQ0i5VfizCs11Y542grWu0Yc", "expire_date": "2026-03-07T20:53:11.663Z"}}, {"model": "sessions.session", "pk": "1skmsllbtzc24rnv8wfn6ealyfrljmvx", "fields": {"session_data": ".eJxVjEsOwjAMRO-SNYqcJrEIS_acIbJjhxRQK_WzQtydVuoCdqN5b-ZtMq1Ly-usU-7FXIwHNKfflqk8ddiRPGi4j7aMwzL1bHfFHnS2t1H0dT3cv4NGc9vWSZS7WoEESiKpnNAhqC8sHqF2rmwxsFPv8UwROQYIjjpSdMBRzOcLX5I5AA:1vt9DL:U_hErZ3gNMGY87MS6EzDfeungLLZ6ANdcpxRhQ4nY18", "expire_date": "2026-03-05T18:57:27.098Z"}}, {"model": "sessions.session", "pk": "44a71yi87t5q5w9jh397h96i618hqiqe", "fields": {"session_data": ".eJxVjDsOwjAQBe_iGlnrNV6vKelzBsufNQmgRMqnQtwdIqWA9s3Me6mYtrWP2yJzHKq6KIukTr9rTuUh447qPY23SZdpXOch613RB110N1V5Xg_376BPS_-tfajSGECKBJHAjYhDNr6AK74aBEvIzThCB74yWiIBNOfGFghLVu8PJ9k3Xw:1vtqri:Sd8SJe97YJz3mKkMvdGNc6lpl3xxbU6-uOsuPuKF9qQ", "expire_date": "2026-03-07T17:34:02.631Z"}}, {"model": "sessions.session", "pk": "59ip93gexzg125slbqnam93tmouzryvf", "fields": {"session_data": ".eJxVjMsOwiAQRf-FtSFAebp07zeQGRikaiAp7cr479qkC93ec859sQjbWuM2aIlzZmcm2el3Q0gPajvId2i3zlNv6zIj3xV-0MGvPdPzcrh_BxVG_da-CBe0L06BNGgnJSdwxXtLyQRLNqHPwmrU0oEqxicFagpkAhEKTMTeH8xLN-U:1vuHdS:5cQUVTtENr1i4XjNyKB7CS37k3C_a8F_pWBDnlB-C9g", "expire_date": "2026-03-08T22:09:06.755Z"}}, {"model": "sessions.session", "pk": "5pcxkaewx3p3ss5vsgijzpurguqnencp", "fields": {"session_data": ".eJxVjEEOwiAQRe_C2hAYOlBcuvcMzcxApWpKUtqV8e7apAvd_vfef6mBtrUMW8vLMCV1Vg5AnX5XJnnkeUfpTvOtaqnzukysd0UftOlrTfl5Ody_g0KtfOtoILkeA9iIwWbLIwlJIIYoXY_YGXRoxTP3LFnQjxHQeCNhJOs5qfcHGls4Lw:1vtofp:6ToUHuUO4YDhSqRiQueY47v2tAvB4muq0jZk0vSSm-k", "expire_date": "2026-03-07T15:13:37.561Z"}}, {"model": "sessions.session", "pk": "63fm9xvg331vdyvbeelcopuhalywb73t", "fields": {"session_data": ".eJxVjEEOgjAURO_StWnwt7S_Lt1zhmYo_RY1kFBYGe-uJCx0O--9eamIbS1xq3mJ46AuypydOv2uPdIjTzsa7phus07ztC5jr3dFH7Tqbh7y83q4fwcFtXxrBxYgsyW4QK0PbQATCTecek6JGpHGexiGF-OtS4YtW0vEkGyg3h8ojDfz:1vtleD:n1JCyYjXyxzU-ot1QJ8IM5lGXgX_JRtvmq3HbcJdtK4", "expire_date": "2026-03-07T11:59:45.270Z"}}, {"model": "sessions.session", "pk": "6prkotv0ayjqrzlj4dezwz4w1poymn1a", "fields": {"session_data": ".eJxVjDkOAjEQBP_iGFm-D0Jy3mDNzI7wArKlPSLE38HSBhB2V6leosC-1bKvvJR5EmdhjROn3xeBHtwGmu7Qbl1Sb9syoxyKPOgqr33i5-Vw_wIV1jrCpDFlAg7KeMDkovLA5CN4m1GxTzmipoAKTADwyMpYp-k7Exsi8f4AMrY4dQ:1vtprJ:9rA4vL4zw96J7LEs1Hvzi7HrVMcq10dkJ1P_y7yH8ys", "expire_date": "2026-03-07T16:29:33.832Z"}}, {"model": "sessions.session", "pk": "6uwtf390lmxe02vg4ubawsx6fa4gtzhs", "fields": {"session_data": "eyJ2ZXJpZmljYXRpb25fdXNlcl9pZCI6MzIzfQ:1vtonO:Ui3oVW_AwJG_e4_yi_I7d7cfrDa7FC2kD0S3xhLcvZI", "expire_date": "2026-03-07T15:21:26.646Z"}}, {"model": "sessions.session", "pk": "6z39b0miub6ko5yvvxlmmkovex6i0kjt", "fields": {"session_data": ".eJxVjDsOwjAQBe_iGlnyrr-U9JzBWnttHECOFCcV4u4QKQW0b2beS0Ta1ha3UZY4sTgLhCBOv2ui_Ch9R3ynfptlnvu6TEnuijzokNeZy_NyuH8HjUb71qoYdpg9V4eQ2VYdOFsgQgDtNVobCqRaMBmtjCIVPCCiRZfYsDXi_QEu8Te1:1vtugN:xweqCGxxfyZYssyFop1WqrSWscrEiBUOb_E0N2dQsyI", "expire_date": "2026-03-07T21:38:35.932Z"}}, {"model": "sessions.session", "pk": "79i0emuhigofl7j73fb12bhzvf93fa0l", "fields": {"session_data": ".eJxVjMsOwiAQRf-FtSG8B1269xvIMIBUDU1KuzL-uzTpQrfnnHvfLOC21rD1vIQpsQuTjp1-YUR65rab9MB2nznNbV2myPeEH7bz25zy63q0fwcVex1rNLKQJWHIa5VlsRqi1dabszQCYBAFBZQRJmfAaK2HUTqHghxFTezzBe5DN3g:1vsrgw:b9yT1KgbJFer304KYpejuIuPZrlpxXAByZwBLbMaRhQ", "expire_date": "2026-03-05T00:14:50.338Z"}}, {"model": "sessions.session", "pk": "7j5cd02atzybg7qe7ijij1wzr0v0hg5g", "fields": {"session_data": "eyJ2ZXJpZmljYXRpb25fdXNlcl9pZCI6MzExfQ:1vtZe6:AWYHg08ConXsFbiRfwUNxXYyMYYJ79NNSB-BLNQC_uc", "expire_date": "2026-03-06T23:10:50.143Z"}}, {"model": "sessions.session", "pk": "84ykc7x09c2tyhr9op4qx3foc67sm68a", "fields": {"session_data": ".eJxVjUEOwiAURO_C2hCgwC8u3fcM5MMHqRpISrsy3t026UK3897MvJnHbS1-62nxM7ErU06xy28aMD5TPRA9sN4bj62uyxz4ofCTdj41Sq_b6f4NFOxlbwOZCEmGjCEgaJtjcqQhWKkkCmeiBQE5CxooG6VhAAIz6oFg3E8wsc8XU785Bw:1vt0zF:Yc2lTlUhYu52058g0j6VBqx640mGGZgY5isTurU_Go4", "expire_date": "2026-03-05T10:10:21.024Z"}}, {"model": "sessions.session", "pk": "85se5r8osibszjk7hg47smivrsge9tm6", "fields": {"session_data": ".eJxVjMsOwiAQRf-FtSED06Hg0r3fQHgMUjU0Ke3K-O_apAvd3nPOfQkftrX6rfPipyzOAoHE6XeNIT247SjfQ7vNMs1tXaYod0UetMvrnPl5Ody_gxp6_dYuETk0yHm0nItDUpELDEZF5zDposGNFjMoOxCA4cKUtAGDJoUSrHh_ABm8N70:1vuEWK:-EvPg90DWYDTOIrOX856FuL6KRpiZJjpXV1g9OuWPYw", "expire_date": "2026-03-08T18:49:32.854Z"}}, {"model": "sessions.session", "pk": "8dwvyv58aol60nokeu0zgjc4084n54r5", "fields": {"session_data": "eyJ2ZXJpZmljYXRpb25fdXNlcl9pZCI6MzExfQ:1vtZdt:HEV1usYlpwpghI365NttuVbAatx0b_V9AYLdeKwLNEY", "expire_date": "2026-03-06T23:10:37.343Z"}}, {"model": "sessions.session", "pk": "8pxu0t6iah3dpv1i4nljixcxb1lv9kim", "fields": {"session_data": ".eJxVjMsOwiAQRf-FtSG8B1269xvIMIBUDU1KuzL-uzTpQrfnnHvfLOC21rD1vIQpsQuTjp1-YUR65rab9MB2nznNbV2myPeEH7bz25zy63q0fwcVex1rNLKQJWHIa5VlsRqi1dabszQCYBAFBZQRJmfAaK2HUTqHghxFTezzBe5DN3g:1vsSn3:k7NewE9QV9pXa8lHOcWYt6PfwWYf9xcn5UmNI9u4EBI", "expire_date": "2026-03-03T21:39:29.640Z"}}, {"model": "sessions.session", "pk": "a2amcvt29moc925u2gxxycswzi5xwrqp", "fields": {"session_data": ".eJxVjEEOwiAQAP_C2RDYBQwevfsGslsWqRqalPZk_Lsh6UGvM5N5q0T7VtPeZU1zVheFaNXplzJNT2lD5Qe1-6KnpW3rzHok-rBd35Ysr-vR_g0q9TrG0bGDIpYDkQnAGRg9WITMnoUdSgYCQy5SZCwGCBGs9c4UlHBWny8vwDgA:1vtvjx:tK4wKeAM4PrxGNNrKcp_hqByUh9OYfNJ_YiS1q7h5kk", "expire_date": "2026-03-07T22:46:21.404Z"}}, {"model": "sessions.session", "pk": "al6s5hi5ozdwzfiilf9szfgv2x9l75ra", "fields": {"session_data": "eyJ2ZXJpZmljYXRpb25fdXNlcl9pZCI6MzM0fQ:1vuFUN:0KfclM5ArJTb2PFW3MLQkiPWVqEF9FoAjGVVQvJOwWM", "expire_date": "2026-03-08T19:51:35.549Z"}}, {"model": "sessions.session", "pk": "an1lngxwyzqspwku3qmjejf9atfqiycx", "fields": {"session_data": ".eJxVjUEOwiAURO_C2hCgwC8u3fcM5MMHqRpISrsy3t026UK3897MvJnHbS1-62nxM7ErU06xy28aMD5TPRA9sN4bj62uyxz4ofCTdj41Sq_b6f4NFOxlbwOZCEmGjCEgaJtjcqQhWKkkCmeiBQE5CxooG6VhAAIz6oFg3E8wsc8XU785Bw:1vtF1s:lq78_lDYyonGyg0XY65RL-DODOL5OafF_YsMenxChBQ", "expire_date": "2026-03-06T01:10:00.898Z"}}, {"model": "sessions.session", "pk": "as3ihlhahk07ifwn9eu89gjmbnixhlzo", "fields": {"session_data": ".eJxVjTsOgzAQRO_iOrJ21x9MyvScwbK9JpBEtoShinL3gESRtPPezLyFD9s6-a3lxc8srkKhE5ffNIb0zOVA_AjlXmWqZV3mKA9FnrTJoXJ-3U73b2AKbdrbBGQwhB6ZogNDGfYrVqqHhGiZDSgFVvcwaoxoo7EaQdHoqOsyEorPF-11Niw:1vtdE2:RkcXCEHPBQoJVI8KXGDyxwRM51G3Z33CjcRAvUMVTCM", "expire_date": "2026-03-07T03:00:10.515Z"}}, {"model": "sessions.session", "pk": "bo19r0elncvsv925x0ae2vivm7vuf2sq", "fields": {"session_data": "eyJ2ZXJpZmljYXRpb25fdXNlcl9pZCI6MzE1fQ:1vtb75:G6D5thbyd7eLqIqZsI3hAwHN2hkwQJ8jDs2ydyd_4cA", "expire_date": "2026-03-07T00:44:51.553Z"}}, {"model": "sessions.session", "pk": "bt80w0z4c44azirg7e4zbcivh17yj3go", "fields": {"session_data": ".eJxVjDkOwjAUBe_iGlleEi-U9JzB8l-MA8iR4qRC3B0ipYD2zcx7iZS3taat85ImEmdhlBKn3xUyPrjtiO653WaJc1uXCeSuyIN2eZ2Jn5fD_Tuouddv7TCzARc9onUwgg5jtNmz1kF5YDJucIwAxWqyJRIhFheHUDyESMqL9wdCbTkK:1vt84c:iS5nLel18kAwlHNjGLGsZiwjY-TZP8G7-ONT0aW9xJc", "expire_date": "2026-03-05T17:44:22.923Z"}}, {"model": "sessions.session", "pk": "byiym8u7n500ewoc2wwj10tgeb5wmz7r", "fields": {"session_data": ".eJxVjMsOwiAQRf-FtSFAebp07zeQGRikaiAp7cr479qkC93ec859sQjbWuM2aIlzZmcm2el3Q0gPajvId2i3zlNv6zIj3xV-0MGvPdPzcrh_BxVG_da-CBe0L06BNGgnJSdwxXtLyQRLNqHPwmrU0oEqxicFagpkAhEKTMTeH8xLN-U:1vuKwW:DoxcNROR8JBosaeYE8Uru7x7sqzzhRGU2yjzkIkutrQ", "expire_date": "2026-03-09T01:41:00.101Z"}}, {"model": "sessions.session", "pk": "ctzw1757soj8wx9nb1nd1ddafbfdaepn", "fields": {"session_data": ".eJxVjEEOwiAQRe_C2hAYOlBcuvcMzcxApWpKUtqV8e7apAvd_vfef6mBtrUMW8vLMCV1Vg5AnX5XJnnkeUfpTvOtaqnzukysd0UftOlrTfl5Ody_g0KtfOtoILkeA9iIwWbLIwlJIIYoXY_YGXRoxTP3LFnQjxHQeCNhJOs5qfcHGls4Lw:1vtom2:5XXxJkhmxRFJFS84eTBQ6R4VyeBVt8KgjxWSNrptgZI", "expire_date": "2026-03-07T15:20:02.461Z"}}, {"model": "sessions.session", "pk": "d80zgtx7to7fcpbmdb9b5p1vbs2q6kg4", "fields": {"session_data": ".eJxVjM0OwiAQhN-FsyFbYWHr0bvPQFh-pGpoUtqT8d2lSQ86p8l8M_MWzm9rcVtLi5uiuAgFVpx-U_bhmeqO4sPX-yzDXNdlYrlX5EGbvM0xva5H9--g-Fb6GkYf6AyZLEeTEDEDKQRNZDN3M3o9aBq6KCswYA3ZoBUjo8qokvh8Af_ONsM:1vtXfM:1Ujyf-3CuRM0faaqt3nbmhyCnSRq3VKEmw7wVlGGnbA", "expire_date": "2026-03-06T21:04:00.416Z"}}, {"model": "sessions.session", "pk": "dc8fcmk4p1fj53gjncwe7zq5vsgsni9u", "fields": {"session_data": ".eJxVjM0OgjAQBt-lZ9NQWLbFo3eegSzdD4uakvBzMr67acJBrzOTeZtBjj0Nx4Z1mNVcjWNz-YWjxCdyMfqQfF9sXPK-zqMtiT3tZvtF8bqd7d8gyZbKl6qanWoF0Y55IkardQMv3EwMz2i6QC2qTuJINZSCR3DecyBCiObzBQCKN8k:1vuJIN:s57PgDc9UpIbSlDRn5mGnpgcBbos66BJ974F21vB1MI", "expire_date": "2026-03-08T23:55:27.119Z"}}, {"model": "sessions.session", "pk": "dlogt1wju8yovmbl1wl2kr7c6bn7rfpo", "fields": {"session_data": "eyJ2ZXJpZmljYXRpb25fdXNlcl9pZCI6MzMzfQ:1vuCdS:wTufkFzRT8sNG_Ayv7hNtsFA8ZZzKDQ92NGFlnqlxC0", "expire_date": "2026-03-08T16:48:46.259Z"}}, {"model": "sessions.session", "pk": "ebii0yldhf52mw9lbtvyreeo6wt9t5t2", "fields": {"session_data": "eyJ2ZXJpZmljYXRpb25fdXNlcl9pZCI6MzExfQ:1vtZfl:kBoQWq4Afn-amnoNEuSV89IKm5zNu9We8aJbGZ4vzYs", "expire_date": "2026-03-06T23:12:33.654Z"}}, {"model": "sessions.session", "pk": "en770on95pqzmma6c3md48xhu73if1re", "fields": {"session_data": ".eJxVjEsOwjAMRO-SNYqcJrEIS_acIbJjhxRQK_WzQtydVuoCdqN5b-ZtMq1Ly-usU-7FXIwHNKfflqk8ddiRPGi4j7aMwzL1bHfFHnS2t1H0dT3cv4NGc9vWSZS7WoEESiKpnNAhqC8sHqF2rmwxsFPv8UwROQYIjjpSdMBRzOcLX5I5AA:1vtFT5:FAUQD-HeXqGXg7FhQB_pv-fOicr0JRBs4yXdqLOVqsY", "expire_date": "2026-03-06T01:38:07.298Z"}}, {"model": "sessions.session", "pk": "fzli3uwfr43sdh6guabb4geu4bgtkmfu", "fields": {"session_data": ".eJxVjDsOwjAQBe_iGllLNrFjSvqcIdrsBweQI-VTIe4OkVJA-2bmvVxP25r7bdG5H8VdHFbgTr_rQPzQsiO5U7lNnqeyzuPgd8UfdPHdJPq8Hu7fQaYlf-uWE6lFEECxgGbRQltbk0LNzFXDQBg0QUwSkihS4ghwRgWNYTB07w9FyTiv:1vtn5j:vPVJ1r5kwz_pMGnnr8fK5VuK_kog8sY7OTPvNAp1oJo", "expire_date": "2026-03-07T13:32:15.068Z"}}, {"model": "sessions.session", "pk": "hxgu6zog6ftj1pwej4ltscgj8uiwio95", "fields": {"session_data": "eyJ2ZXJpZmljYXRpb25fdXNlcl9pZCI6MzM1fQ:1vuFV8:VBAc7eCv56DbFm1DbFlqbCv7kKzCH840vE8_kMfYRFU", "expire_date": "2026-03-08T19:52:22.255Z"}}, {"model": "sessions.session", "pk": "i5ydoa5kp081d7f7o145067ahzm8b9i2", "fields": {"session_data": ".eJxVjMsOwiAQRf-FtSFAebp07zeQGRikaiAp7cr479qkC93ec859sQjbWuM2aIlzZmcm2el3Q0gPajvId2i3zlNv6zIj3xV-0MGvPdPzcrh_BxVG_da-CBe0L06BNGgnJSdwxXtLyQRLNqHPwmrU0oEqxicFagpkAhEKTMTeH8xLN-U:1vsSgj:XOBovXu2RvUq31pxvFB2kzM9rgigfUObaL-GDXWvH5c", "expire_date": "2026-03-03T21:32:57.882Z"}}, {"model": "sessions.session", "pk": "iqpk8l3of1hoqshf8wdcc44m2vjcm841", "fields": {"session_data": "eyJ2ZXJpZmljYXRpb25fdXNlcl9pZCI6MzI3fQ:1vtr5H:fe6wFKXCUXPK-AK62ZGvQP8jVXq112fs-7swhYbG_ao", "expire_date": "2026-03-07T17:48:03.563Z"}}, {"model": "sessions.session", "pk": "ivao54lmt77ofmzwejjq6o229opglt2z", "fields": {"session_data": ".eJxVjMsOwiAQRf-FtSFAebp07zeQGRikaiAp7cr479qkC93ec859sQjbWuM2aIlzZmcm2el3Q0gPajvId2i3zlNv6zIj3xV-0MGvPdPzcrh_BxVG_da-CBe0L06BNGgnJSdwxXtLyQRLNqHPwmrU0oEqxicFagpkAhEKTMTeH8xLN-U:1vrJyg:mCUr3ZyafccKuXMATulpa3WLxtle2DUXtlHbnixmEqY", "expire_date": "2026-02-28T18:02:46.356Z"}}, {"model": "sessions.session", "pk": "j4dvsqlfwqobjr3jh75vauptaaaz525k", "fields": {"session_data": "eyJ2ZXJpZmljYXRpb25fdXNlcl9pZCI6MzExfQ:1vtZdx:oMa4J_rMZSLKryRfmpsMi6holgTD2wVxI10-Iyp-Lkk", "expire_date": "2026-03-06T23:10:41.543Z"}}, {"model": "sessions.session", "pk": "j9qi8billjkxk9nucwjebaj1gxtx8s7y", "fields": {"session_data": "eyJ2ZXJpZmljYXRpb25fdXNlcl9pZCI6MzIzfQ:1vtomq:vTTcm_AK5tkbxwxvFrqtoJWOahZVtaYDLo0Xi3k4l5E", "expire_date": "2026-03-07T15:20:52.361Z"}}, {"model": "sessions.session", "pk": "k9ebffe6x684t5pr4ao03wid6swjf1cg", "fields": {"session_data": "eyJ2ZXJpZmljYXRpb25fdXNlcl9pZCI6MzIzfQ:1vtone:eT-RgonJKP9_XiP1B3aklJGUX0yrJTajyf9LujfgzBw", "expire_date": "2026-03-07T15:21:42.051Z"}}, {"model": "sessions.session", "pk": "koa69rt5plk83st1pqimk676y2jitj6w", "fields": {"session_data": "eyJ2ZXJpZmljYXRpb25fdXNlcl9pZCI6MTg2fQ:1vs3wb:Am4HMdUF5puI0bS8Zj8oXnqA8PQHwTCmRDyxh61bxeY", "expire_date": "2026-03-02T19:07:41.202Z"}}, {"model": "sessions.session", "pk": "ku8jva2gvmvz0ag8svdgfdrotx68zbz8", "fields": {"session_data": ".eJxVjDsOwjAQBe_iGlnBH-2Gkp4zWN59BgdQIsVJhbg7REoB7ZuZ9zIpr0tNaytzGmBOxjs2h99Vsj7KuCHc83ibrE7jMg9iN8XutNnLhPI87-7fQc2tfmtS9CAn3AkLsQ8-Qp3q1QcNCPmIQjGSOO4RQeA-EKErXjyrA8z7Az7cOLU:1vtrzr:QHh3Z0ISi9X5Nlik7MqzuiRiScm3gjDNoYsK3r_TIFk", "expire_date": "2026-03-07T18:46:31.941Z"}}, {"model": "sessions.session", "pk": "mc0uqoq4akx174t5cw8nwr7tn071w5yw", "fields": {"session_data": "eyJ2ZXJpZmljYXRpb25fdXNlcl9pZCI6MzExfQ:1vtZe2:JtYh9U2xNiZOwr7u16ZFKB7NpuOgzbXyFMHpJXCShxU", "expire_date": "2026-03-06T23:10:46.148Z"}}, {"model": "sessions.session", "pk": "nf98y1uyiu3b1a2snpuq7bsjujq0vjl8", "fields": {"session_data": "eyJ2ZXJpZmljYXRpb25fdXNlcl9pZCI6MzMyfQ:1vu0s3:UHMdxhQfW3FtzhtzVMI9Myra4Fy_ph0x-um_WZaJj0I", "expire_date": "2026-03-08T04:15:03.865Z"}}, {"model": "sessions.session", "pk": "nocr9k4y92nyep6n5vgzwzdml0q0s0we", "fields": {"session_data": ".eJxVjDsOwjAQBe_iGlnZeCN7Kek5g2X72SSAYimfKuLuJFIKaGfmvU35sC69X-c8-QHqqgyJuvzSGNIrj4fCM4yPqlMdl2mI-kj0aWd9r8jv29n-HfRh7ve1g4VlMIScMDo2lGKbG7FN6Siiy4GKlDYZaQQkTnJhOHDBjtiqzxctvzhm:1vtkKJ:02FuvjH7T2wCWVHMdHtHWuD1lXAEu3_BRVjm3SMa_qo", "expire_date": "2026-03-07T10:35:07.496Z"}}, {"model": "sessions.session", "pk": "ob2j0fteg8efje7iq8axlfrxpyxd4g95", "fields": {"session_data": ".eJxVjEEOwiAQRe_C2pAOUwq4dN8zkIGZ2qqhSWlXxrsbki50-997_60iHfscjypbXFhdFUKnLr9rovyU0hA_qNxXndeyb0vSTdEnrXpcWV630_07mKnOrUaCjp1BAWCaPPrB9xO6QFYygcsSPPkw2N6zC4LW2IwmGbBsQ9-J-nwBI1o3tw:1vtZJd:T0hTh45vZ34TSKMhc7I0wMpoJYF81zNtYqYQ3bM9R_U", "expire_date": "2026-03-06T22:49:41.733Z"}}, {"model": "sessions.session", "pk": "p5xkf9cm8278n47ar73i4bgupkpmiljs", "fields": {"session_data": "eyJ2ZXJpZmljYXRpb25fdXNlcl9pZCI6MzIzfQ:1vtonZ:U3t33afGPDi9GbDCdpimsw57H0obm7OY6dSAQgQGpvI", "expire_date": "2026-03-07T15:21:37.051Z"}}, {"model": "sessions.session", "pk": "ph271x7atv2jk5qdznb4lk02jecsemmu", "fields": {"session_data": ".eJxVjM0OgjAQBt-lZ9NQWLbFo3eegSzdD4uakvBzMr67acJBrzOTeZtBjj0Nx4Z1mNVcjWNz-YWjxCdyMfqQfF9sXPK-zqMtiT3tZvtF8bqd7d8gyZbKl6qanWoF0Y55IkardQMv3EwMz2i6QC2qTuJINZSCR3DecyBCiObzBQCKN8k:1vtwbY:BdY7yenK_YjyJnLzZ8cOFCRmt9NZ1adXgGsAqS9eVSg", "expire_date": "2026-03-07T23:41:44.668Z"}}, {"model": "sessions.session", "pk": "phlol1erxzihurh6l6b3b9g20kqrx66l", "fields": {"session_data": "eyJ2ZXJpZmljYXRpb25fdXNlcl9pZCI6MzA4fQ:1vtYqx:E20O0ru9HLBcv2YMWfCiL9julFxQECAKUCC5CEeCsaM", "expire_date": "2026-03-06T22:20:03.106Z"}}, {"model": "sessions.session", "pk": "pzo8p8mqpyv5vta74ngw13vxq2t094xx", "fields": {"session_data": ".eJxVjDsOwyAQBe9CHSGWjxdSpvcZ0AJL7CSyJWNXUe4eIblI2jcz7y0iHfsUj8ZbnIu4CgMoLr9rovzkpaPyoOW-yrwu-zYn2RV50ibHtfDrdrp_BxO1qdcuDcBEGcrgrdUENTtnPCbIZCxWBK6hakgGA3Mt2anBawXBq4CaxecLQJc4QQ:1vtcDT:6SfKRO5hPa-1yu7XvHDxQ1LMXK0hRunRDaMNLLwVDrM", "expire_date": "2026-03-07T01:55:31.298Z"}}, {"model": "sessions.session", "pk": "q0a71l3bnhcnhm75mzne1z04048drjcc", "fields": {"session_data": "eyJ2ZXJpZmljYXRpb25fdXNlcl9pZCI6MzIzfQ:1vtonT:ebijOdV7OlaoVY-Fr1ZYI0U_6Kh21h5fd7ItgSYG4Yo", "expire_date": "2026-03-07T15:21:31.557Z"}}, {"model": "sessions.session", "pk": "q43t8648sudojcwxizx9fc43p74pcphj", "fields": {"session_data": ".eJxVjEEOgjAURO_StWnwt7S_Lt1zhmYo_RY1kFBYGe-uJCx0O--9eamIbS1xq3mJ46AuypydOv2uPdIjTzsa7phus07ztC5jr3dFH7Tqbh7y83q4fwcFtXxrBxYgsyW4QK0PbQATCTecek6JGpHGexiGF-OtS4YtW0vEkGyg3h8ojDfz:1vtleG:324jAHP1uW0eyszfUdAaN4pJpm14kRiiERVezWhmcvA", "expire_date": "2026-03-07T11:59:48.348Z"}}, {"model": "sessions.session", "pk": "qhabrzfof44842wt37jnxu3modhlux9f", "fields": {"session_data": ".eJxVjMsOwiAQRf-FtSFAebp07zeQGRikaiAp7cr479qkC93ec859sQjbWuM2aIlzZmcm2el3Q0gPajvId2i3zlNv6zIj3xV-0MGvPdPzcrh_BxVG_da-CBe0L06BNGgnJSdwxXtLyQRLNqHPwmrU0oEqxicFagpkAhEKTMTeH8xLN-U:1vs3CS:a9dMTX0IoEUcZI2DgF9tY1zZCgEHj6C_VuKpDIJPr40", "expire_date": "2026-03-02T18:20:00.828Z"}}, {"model": "sessions.session", "pk": "rdk345s2q0qwk0niezoj5v81s9zdwwri", "fields": {"session_data": ".eJxVjDsOwjAQBe_iGlnrxL9Q0nMGa3e9xgGUSHFSIe4OkVJA-2bmvVTCba1pa7KkMauz6jujTr8rIT9k2lG-43SbNc_Tuoykd0UftOnrnOV5Ody_g4qtfutCgbB4a3yHfXA-uEJCETn7YMFYa4aAPhYPQgRRAG0nkIELs4OB1fsDOjs4ug:1vtno8:cUaOY-WhogZMmWhRQnH-cXhLHFQKdLO69Zg3dYndzwc", "expire_date": "2026-03-07T14:18:08.530Z"}}, {"model": "sessions.session", "pk": "rfmt3bkbyrl7i0unmaguw9rkkmn0zpxj", "fields": {"session_data": ".eJxVjMsOwiAUBf-FtSEtL8Gl-34DuQ-QqoGktCvjv2uTLnR7Zua8RIRtLXHraYkzi4tQ3ovT74pAj1R3xHeotyap1XWZUe6KPGiXU-P0vB7u30GBXr51IEdB6TEQhrO3SD6kAayxgwPObBEhWxqTU2TQKs4m6KQBPHunlQbx_gBDMjjZ:1vsRch:WWTMV_7rK9IGmm9tnxLuLIclFtu_MmJHkp0VwJpKKc8", "expire_date": "2026-03-03T20:24:43.320Z"}}, {"model": "sessions.session", "pk": "rk1madjtkmb5itqjhcm071x1eljkd30b", "fields": {"session_data": "eyJ2ZXJpZmljYXRpb25fdXNlcl9pZCI6MzExfQ:1vtZdb:1Z_jhh7ayL4AiMtE5DhsmitD1trKBP2enUNMkZXUubs", "expire_date": "2026-03-06T23:10:19.757Z"}}, {"model": "sessions.session", "pk": "rkxi7prq932r96v7m3ftvr7ru0ck9lia", "fields": {"session_data": "eyJ2ZXJpZmljYXRpb25fdXNlcl9pZCI6MTk5fQ:1vs7IH:1AzwnIevdiIdotRZLAo5woYQGZIubFMPfA0xaarDjbs", "expire_date": "2026-03-02T22:42:17.747Z"}}, {"model": "sessions.session", "pk": "tp2irdrqoj9bvbqvd8iw5o6snrsrrya2", "fields": {"session_data": ".eJxVjDsOwjAQBe_iGllexx-Zkp4zWOvdNQ6gRIqTCnF3iJQC2jcz76UybmvLW5clj6zOCtKgTr9rQXrItCO-43SbNc3TuoxF74o-aNfXmeV5Ody_g4a9fWspZNmSCYYxOhbAEDwCQqJgqgxQwcUoldiGQghuMDF6AF9q8sE69f4ASkc4Ug:1vs5UY:Xjd3tONxN7kd-4gNCL1Mb5IaHmcBpKTBA242k32_Vj4", "expire_date": "2026-03-02T20:46:50.730Z"}}, {"model": "sessions.session", "pk": "uiwihubidntqq3w8sndd0cfkm9mru9b1", "fields": {"session_data": ".eJxVjDsOwjAQBe_iGllrr7-U9JzB8meNA8iR4qRC3B0ipYD2zcx7sRC3tYVt0BKmws5MSGCn3zXF_KC-o3KP_TbzPPd1mRLfFX7Qwa9zoeflcP8OWhztWzupHQCl6j1YA8ZoIW1NRqEqUifrcomekARpQPISAY0BWXRF8MpG9v4A-XA26Q:1vrLX5:m3csbRxPielc-fPByZ4tSQ47JUDmhKlpZfDCxCIJpv0", "expire_date": "2026-02-28T19:42:23.452Z"}}, {"model": "sessions.session", "pk": "v2min8wcnlm7w2qr2ody9bykh437oo7n", "fields": {"session_data": "eyJ2ZXJpZmljYXRpb25fdXNlcl9pZCI6MzMwfQ:1vtvWv:5HD16ggD_gn0BMSVwrfrnod85NBQpXWXItrqAhdiqKo", "expire_date": "2026-03-07T22:32:53.561Z"}}, {"model": "sessions.session", "pk": "vcmoh9gg3wxckhgdqnqtqhdmcuy0wmei", "fields": {"session_data": "eyJ2ZXJpZmljYXRpb25fdXNlcl9pZCI6MzE4fQ:1vtdCh:0bYuvVF_ff-5IX503RXFfUcQktGB_exwgDQIVJEt9-E", "expire_date": "2026-03-07T02:58:47.360Z"}}, {"model": "sessions.session", "pk": "vvqbxj2rk3r8p9h4jy2w3o4l00m82a4q", "fields": {"session_data": ".eJxVjM0OgjAQBt-lZ9NQWLbFo3eegSzdD4uakvBzMr67acJBrzOTeZtBjj0Nx4Z1mNVcjWNz-YWjxCdyMfqQfF9sXPK-zqMtiT3tZvtF8bqd7d8gyZbKl6qanWoF0Y55IkardQMv3EwMz2i6QC2qTuJINZSCR3DecyBCiObzBQCKN8k:1vuKCq:TPviOeDncieln1uWwwytlwWUGZLZomtQ6JtPQAo2nao", "expire_date": "2026-03-09T00:53:48.589Z"}}, {"model": "sessions.session", "pk": "vxrl0xlhgvvs0ehbe3b9v0v6zz91cmeq", "fields": {"session_data": ".eJxVjDsOwjAQBe_iGlle_NmYkj5nsHb9wQHkSHFSIe4OkVJA-2bmvUSgba1h63kJUxIXoUGL0-_KFB-57Sjdqd1mGee2LhPLXZEH7XKcU35eD_fvoFKv35oHZ9HryAigozaGPKdSGJE8ZCA2pgxOWeUTFlIWmSlFR9YWx3BG8f4AMcQ4lw:1vtaUi:PHcYwgUSlas29ibnfafEjNOuixZ_HR8LC_arDF4s3SE", "expire_date": "2026-03-07T00:05:12.108Z"}}, {"model": "sessions.session", "pk": "w0o7lwg13qb533mcv21ht5ats7ege3uq", "fields": {"session_data": ".eJxVjMEOwiAQRP-FsyFAu5X16L3f0OwuIFVDk9KejP-uJD3oaZJ5b-alJtq3PO01rtMc1EU5dOr02zLJI5aGwp3KbdGylG2dWTdFH7TqcQnxeT3cv4NMNX_XbLs-enTUmZYRrEvGQgpBHBAbSVE8ASQcxAsDA2IKA3hOZ8TeqPcHOuI4tg:1vuI37:B5J17FDMI8q2tMY-C-sjeD8C0UmXQ3WaGd1LIcGMcls", "expire_date": "2026-03-08T22:35:37.425Z"}}, {"model": "sessions.session", "pk": "w38ij9vn5yi3pbu6bk16tkgde8kj763c", "fields": {"session_data": ".eJxVjEEOwiAQRe_C2hAYKQMu3XsGMgyjVA1NSrsy3l2bdKHb_977L5VoXWpau8xpLOqkjhbU4XfNxA9pGyp3ardJ89SWecx6U_ROu75MRZ7n3f07qNTrtzYczNXbiNmgBSc2DkDFWc4epHg0JqMLwIKGIwJlF6wnjNHFgYuIen8ACgM3qw:1vtZlm:o0fKY3eWjN0-HC2Z7VTv2jlvtTVIrQSA3Cqw3PZGek4", "expire_date": "2026-03-06T23:18:46.718Z"}}, {"model": "sessions.session", "pk": "ya013v8onvixq65cobymfaeoclm6f8av", "fields": {"session_data": ".eJxVjMsOwiAQRf-FtSGlPASX7vsNZJgZpGpoUtqV8d-VpAvd3dxzcl4iwr6VuDde40ziIlRw4vT7JsAH147oDvW2SFzqts5JdkUetMlpIX5eD_cvUKCVHnbGKrQIToMex7O1GodgBwOByaqglEnaMOXgMn-XD5Ccp8wOPBok8f4AEAQ4RA:1vs5bB:s487SKZfgfjgT5Dh3rNpIHQegj31Xf1d8P9foHnfKGg", "expire_date": "2026-03-02T20:53:41.123Z"}}, {"model": "sessions.session", "pk": "ypc7q1z1592xlkkruw5z88a1rlak98lt", "fields": {"session_data": ".eJxVjEEOwiAQRe_C2hCgDLYu3XuGZpgZpGogKe3KeHdD0oVu_3vvv9WM-5bnvck6L6wuyjmnTr9rRHpK6YgfWO5VUy3bukTdFX3Qpm-V5XU93L-DjC33mqOJjNYmPwKKQwpAxoskAQEeJEwmuYnOyYoPNA0exgQigByBUlCfL2abOb8:1vtvon:ALojAbhXs5ixnwa4vZzDjBOwnz5OMJ-oLAep0JyjP8o", "expire_date": "2026-03-07T22:51:21.478Z"}}, {"model": "sessions.session", "pk": "yyd1hfftn2dhvq3b6a838okco1ijkh59", "fields": {"session_data": ".eJxVjEEOwiAQRe_C2pAygxRcuvcMZBhAqgaS0q6Md7dNutDte-__t_C0LsWvPc1-iuIiAECcfmkgfqa6q_igem-SW13mKcg9kYft8tZiel2P9u-gUC_bmt2ZeDDMLgZrwSqVNSFiJk5kE5sc9YhKY0CEzJQH4I1CCiOz0U58vk91OU4:1vuHZP:SWdgrM7PUvukERhwc95jMiP3qCpePNVxgNv-2aIiToo", "expire_date": "2026-03-08T22:04:55.867Z"}}, {"model": "sessions.session", "pk": "z7f63tba1kri30gye98zdxfhivnzm76k", "fields": {"session_data": ".eJxVjDsOwjAQBe_iGllexx-Zkp4zWOvdNQ6gRIqTCnF3iJQC2jcz76UybmvLW5clj6zOCtKgTr9rQXrItCO-43SbNc3TuoxF74o-aNfXmeV5Ody_g4a9fWspZNmSCYYxOhbAEDwCQqJgqgxQwcUoldiGQghuMDF6AF9q8sE69f4ASkc4Ug:1vs5RU:ODzIZCc4w3BzjRYhNkoZpIFE9sI6E-9JT33O9TDe3B0", "expire_date": "2026-03-02T20:43:40.097Z"}}, {"model": "sessions.session", "pk": "zl7uezesnjdg33wjqi8w6zygxp29yzty", "fields": {"session_data": "eyJfcGFzc3dvcmRfcmVzZXRfdG9rZW4iOiJkNDBpajMtNWVjYWQ5YzM3ZjNiZTAyNGQxZDVhMGQ1ZTAwM2Y1YzAifQ:1vrOcB:OD1ViWNaSc3pD85XmK9HrHjk9FhUYJyMSc3qioVrsNI", "expire_date": "2026-02-28T22:59:51.216Z"}}, {"model": "accounts.division", "pk": 1, "fields": {"nombre": "Primera", "orden": 1}}, {"model": "accounts.division", "pk": 2, "fields": {"nombre": "Segunda", "orden": 2}}, {"model": "accounts.division", "pk": 3, "fields": {"nombre": "Tercera", "orden": 3}}, {"model": "accounts.division", "pk": 4, "fields": {"nombre": "Cuarta", "orden": 4}}, {"model": "accounts.division", "pk": 5, "fields": {"nombre": "Quinta", "orden": 5}}, {"model": "accounts.division", "pk": 6, "fields": {"nombre": "Sexta", "orden": 6}}, {"model": "accounts.division", "pk": 7, "fields": {"nombre": "Séptima", "orden": 7}}, {"model": "accounts.division", "pk": 8, "fields": {"nombre": "Octava", "orden": 8}}, {"model": "accounts.customuser", "fields": {"password": "pbkdf2_sha256$1000000$q3qLKR5cYS0IfZIz8SRBWB$Z0AAnRjQl4q7BzCTtZ4J+mL5+cKX1rVQlKrG4d4G3ik=", "last_login": "2026-02-23T01:41:00.095Z", "is_superuser": true, "email": "egomezbolig@gmail.com", "nombre": "Emanuel", "apellido": "System", "numero_telefono": "02236886313", "imagen": "perfiles/F082020E-7700-476C-B1BF-D04155D9C048_pbq1r0", "verification_code": null, "is_verified": false, "division": 6, "genero": "MASCULINO", "tipo_usuario": "ADMIN", "organizacion": null, "is_active": true, "is_staff": true, "date_joined": "2026-02-14T06:07:44Z", "groups": [], "user_permissions": []}}, {"model": "accounts.customuser", "fields": {"password": "pbkdf2_sha256$1000000$dFwZ1TYJYFtDhSEGwDcCU4$B8zYpBH75dwFtrhCEchr4abeKHad4T+nNeoB2XzxEcg=", "last_login": "2026-02-23T00:53:48.507Z", "is_superuser": true, "email": "fran04x@gmail.com", "nombre": "Franki", "apellido": "04", "numero_telefono": "2236686250", "imagen": "", "verification_code": null, "is_verified": false, "division": 8, "genero": "MASCULINO", "tipo_usuario": "ADMIN", "organizacion": null, "is_active": true, "is_staff": true, "date_joined": "2026-02-14T06:31:40Z", "groups": [], "user_permissions": []}}, {"model": "accounts.customuser", "fields": {"password": "pbkdf2_sha256$1000000$mGFW6jqeaZdFwHB7IgE6kj$QN4BIne1YmUbJzBl3iVz9vytHboOxVwrgSLjYrPsqnM=", "last_login": "2026-02-20T22:32:02.882Z", "is_superuser": false, "email": "darkkite060401@gmail.com", "nombre": "Emanuel", "apellido": "Bolig", "numero_telefono": "02236886313", "imagen": "perfiles/1766087018270_o74nxk", "verification_code": null, "is_verified": true, "division": 1, "genero": "MASCULINO", "tipo_usuario": "ORGANIZER", "organizacion": null, "is_active": true, "is_staff": true, "date_joined": "2026-02-16T22:43:12Z", "groups": [], "user_permissions": []}}, {"model": "accounts.customuser", "fields": {"password": "pbkdf2_sha256$1000000$vTDgLScuZMKqnPa4hJwk0v$VnzWuFVqkU3kymaHGMP4DLIwdvb9jVeYqEZ+aSFx2sc=", "last_login": null, "is_superuser": false, "email": "gabriel.pianzola@torneo.test", "nombre": "Gabriel", "apellido": "Pianzola", "numero_telefono": "1122334455", "imagen": "", "verification_code": null, "is_verified": false, "division": 8, "genero": "MASCULINO", "tipo_usuario": "PLAYER", "organizacion": null, "is_active": true, "is_staff": false, "date_joined": "2026-02-17T19:43:27.196Z", "groups": [], "user_permissions": []}}, {"model": "accounts.customuser", "fields": {"password": "pbkdf2_sha256$1000000$fd2H8zZpFkflcAguoFNdBp$F/4ao1wJaoR2Kvzkv40GVhySHgZtXhXgxH5VvzIsudI=", "last_login": null, "is_superuser": false, "email": "gustavo.mendoza@torneo.test", "nombre": "Gustavo", "apellido": "Mendoza", "numero_telefono": "1122334455", "imagen": "", "verification_code": null, "is_verified": false, "division": 8, "genero": "MASCULINO", "tipo_usuario": "PLAYER", "organizacion": null, "is_active": true, "is_staff": false, "date_joined": "2026-02-17T19:43:32.920Z", "groups": [], "user_permissions": []}}, {"model": "accounts.customuser", "fields": {"password": "pbkdf2_sha256$1000000$NxReWyAiYtjXXP1OiLZjK0$R4wGjWbAfvmy7rk02VifE325sj6kvcYVzl8ZOOm+fD4=", "last_login": null, "is_superuser": false, "email": "pedro.galmes@torneo.test", "nombre": "Pedro", "apellido": "Galmes", "numero_telefono": "1122334455", "imagen": "", "verification_code": null, "is_verified": false, "division": 8, "genero": "MASCULINO", "tipo_usuario": "PLAYER", "organizacion": null, "is_active": true, "is_staff": false, "date_joined": "2026-02-17T19:43:38.301Z", "groups": [], "user_permissions": []}}, {"model": "accounts.customuser", "fields": {"password": "pbkdf2_sha256$1000000$wOotiqnvNAPmUA48CxhRl2$fHofm+oo+YP9Re1p0hCTGMcCEkXb8dLRI/q7cfIB08U=", "last_login": null, "is_superuser": false, "email": "gaston.delage@torneo.test", "nombre": "Gaston", "apellido": "Delage", "numero_telefono": "1122334455", "imagen": "", "verification_code": null, "is_verified": false, "division": 8, "genero": "MASCULINO", "tipo_usuario": "PLAYER", "organizacion": null, "is_active": true, "is_staff": false, "date_joined": "2026-02-17T19:43:44.121Z", "groups": [], "user_permissions": []}}, {"model": "accounts.customuser", "fields": {"password": "pbkdf2_sha256$1000000$OITshbGRCQuDhozgU6zNza$x6QQzEyQOLgWS5h2mgpJ3SGWs/kCmIH4HiW3w2/IZY8=", "last_login": null, "is_superuser": false, "email": "fran_mdq@live.com.ar", "nombre": "Francisco", "apellido": "Sare", "numero_telefono": "2236715555", "imagen": "", "verification_code": null, "is_verified": false, "division": 8, "genero": "MASCULINO", "tipo_usuario": "PLAYER", "organizacion": null, "is_active": true, "is_staff": false, "date_joined": "2026-02-17T19:43:49.398Z", "groups": [], "user_permissions": []}}, {"model": "accounts.customuser", "fields": {"password": "pbkdf2_sha256$1000000$laBSB7WQjUW0AjVqLhcFe3$xQB6taKlJMc3ZEQ0fDXSP8XO27BvlmDcvYrPIcyMLmI=", "last_login": null, "is_superuser": false, "email": "diego.carlos@torneo.test", "nombre": "Diego", "apellido": "Carlos", "numero_telefono": "1122334455", "imagen": "", "verification_code": null, "is_verified": false, "division": 8, "genero": "MASCULINO", "tipo_usuario": "PLAYER", "organizacion": null, "is_active": true, "is_staff": false, "date_joined": "2026-02-17T19:43:54.815Z", "groups": [], "user_permissions": []}}, {"model": "accounts.customuser", "fields": {"password": "pbkdf2_sha256$1000000$B0kEE9PAZYG06Rqqi6r3tb$+q5xL1kOmOuy3zRnH95EddLeOjJuW38EfHRZWlVEc4o=", "last_login": null, "is_superuser": false, "email": "sebastian.villanueva@torneo.test", "nombre": "Sebastián", "apellido": "Villanueva", "numero_telefono": "1122334455", "imagen": "", "verification_code": null, "is_verified": false, "division": 8, "genero": "MASCULINO", "tipo_usuario": "PLAYER", "organizacion": null, "is_active": true, "is_staff": false, "date_joined": "2026-02-17T19:43:59.971Z", "groups": [], "user_permissions": []}}, {"model": "accounts.customuser", "fields": {"password": "pbkdf2_sha256$1000000$b1xZg8PrPF6meE5TrjrJgz$C3JfHniyZpTlyujbQqK0UhbEEaYtLxcrUoP8x5BNF40=", "last_login": null, "is_superuser": false, "email": "ricardo.rivas@torneo.test", "nombre": "Ricardo", "apellido": "Rivas", "numero_telefono": "1122334455", "imagen": "", "verification_code": null, "is_verified": false, "division": 8, "genero": "MASCULINO", "tipo_usuario": "PLAYER", "organizacion": null, "is_active": true, "is_staff": false, "date_joined": "2026-02-17T19:44:05.714Z", "groups": [], "user_permissions": []}}, {"model": "accounts.customuser", "fields": {"password": "pbkdf2_sha256$1000000$KXeE55oVP9bDONGXi8NCA9$4q89epObBpq91kTsqiHCR1gr0Vj85J5oyYt6rD+vwlA=", "last_login": null, "is_superuser": false, "email": "braian.lazarte@torneo.test", "nombre": "Braian", "apellido": "Lazarte", "numero_telefono": "1122334455", "imagen": "", "verification_code": null, "is_verified": false, "division": 8, "genero": "MASCULINO", "tipo_usuario": "PLAYER", "organizacion": null, "is_active": true, "is_staff": false, "date_joined": "2026-02-17T19:44:11.622Z", "groups": [], "user_permissions": []}}, {"model": "accounts.customuser", "fields": {"password": "pbkdf2_sha256$1000000$lewqB9VqZ9j3F1YzOsdGzS$1EPliEVeIVLv+AtoKdPO5yjziayyqBQtUUwxZRcTOMA=", "last_login": null, "is_superuser": false, "email": "ezequiel.conti@torneo.test", "nombre": "Ezequiel", "apellido": "Conti", "numero_telefono": "1122334455", "imagen": "", "verification_code": null, "is_verified": false, "division": 8, "genero": "MASCULINO", "tipo_usuario": "PLAYER", "organizacion": null, "is_active": true, "is_staff": false, "date_joined": "2026-02-17T19:44:17.273Z", "groups": [], "user_permissions": []}}, {"model": "accounts.customuser", "fields": {"password": "pbkdf2_sha256$1000000$xsIewL4QLVYL5fMMjpwULn$V6QxqkfaO8/Y+aiuEzy1IoA482K21tXRyx6ZKXyKjc8=", "last_login": "2026-02-22T23:09:38.523Z", "is_superuser": false, "email": "inmo@outlook.com.ar", "nombre": "Hugo", "apellido": "Gomez", "numero_telefono": "02236776666", "imagen": "", "verification_code": null, "is_verified": false, "division": 8, "genero": "MASCULINO", "tipo_usuario": "PLAYER", "organizacion": null, "is_active": true, "is_staff": false, "date_joined": "2026-02-17T19:44:22Z", "groups": [], "user_permissions": []}}, {"model": "accounts.customuser", "fields": {"password": "pbkdf2_sha256$1000000$EkoAKvvNRoX9iA60bDy3Ob$7ImBq7GVAOo4clyHM84eHmO9J6rRNArcrdFAGNuNu5g=", "last_login": "2026-02-23T01:39:20.102Z", "is_superuser": false, "email": "jmdmanu@hotmail.com", "nombre": "Juan Manuel", "apellido": "Demtschenko", "numero_telefono": "1136822833", "imagen": "", "verification_code": null, "is_verified": false, "division": 8, "genero": "MASCULINO", "tipo_usuario": "PLAYER", "organizacion": null, "is_active": true, "is_staff": false, "date_joined": "2026-02-17T19:44:28.193Z", "groups": [], "user_permissions": []}}, {"model": "accounts.customuser", "fields": {"password": "pbkdf2_sha256$1000000$BdQ4p27RLJBQIaNbC9A6RV$z5P3L1Igctsm/ygizQ1cq2PksZyoyqym0VsIB/g3Icw=", "last_login": null, "is_superuser": false, "email": "nicolasmonasterolo18@gmail.com", "nombre": "Nicolás", "apellido": "Monasterolo", "numero_telefono": "2236200786", "imagen": "", "verification_code": null, "is_verified": false, "division": 8, "genero": "MASCULINO", "tipo_usuario": "PLAYER", "organizacion": null, "is_active": true, "is_staff": false, "date_joined": "2026-02-17T19:44:33.593Z", "groups": [], "user_permissions": []}}, {"model": "accounts.customuser", "fields": {"password": "pbkdf2_sha256$1000000$oKk5gFl5bzoWqXRpfSyzuc$llF6I4q3A2ZPbyyQcuzGT37bMFfgXjLlaqShCnI4xyU=", "last_login": null, "is_superuser": false, "email": "mateorodriguezamas@gmail.com", "nombre": "Mateo", "apellido": "Amas", "numero_telefono": "2235960595", "imagen": "", "verification_code": null, "is_verified": false, "division": 8, "genero": "MASCULINO", "tipo_usuario": "PLAYER", "organizacion": null, "is_active": true, "is_staff": false, "date_joined": "2026-02-17T19:44:39.093Z", "groups": [], "user_permissions": []}}, {"model": "accounts.customuser", "fields": {"password": "pbkdf2_sha256$1000000$4U7Ps1W0dKiycP6Lf4MGFE$TO9y2TZlarycuEg6S8GFsQt4tHtIThWPCj8QgIAF/nU=", "last_login": null, "is_superuser": false, "email": "emiliano.scarafia@torneo.test", "nombre": "Emiliano", "apellido": "Scarafia", "numero_telefono": "1122334455", "imagen": "", "verification_code": null, "is_verified": false, "division": 8, "genero": "MASCULINO", "tipo_usuario": "PLAYER", "organizacion": null, "is_active": true, "is_staff": false, "date_joined": "2026-02-17T19:44:44.161Z", "groups": [], "user_permissions": []}}, {"model": "accounts.customuser", "fields": {"password": "pbkdf2_sha256$1000000$IXAIkBfXRHU42HDMde7qFO$LJv6LN/PJ5u/tzF8uC/+wfY/66fcXzp9ZvEEe1JLd+c=", "last_login": null, "is_superuser": false, "email": "nicolas.firpo@torneo.test", "nombre": "Nicolas", "apellido": "Firpo", "numero_telefono": "1122334455", "imagen": "", "verification_code": null, "is_verified": false, "division": 8, "genero": "MASCULINO", "tipo_usuario": "PLAYER", "organizacion": null, "is_active": true, "is_staff": false, "date_joined": "2026-02-17T19:44:50.776Z", "groups": [], "user_permissions": []}}, {"model": "accounts.customuser", "fields": {"password": "pbkdf2_sha256$1000000$MprGE4OhSan23QrA4rVBDx$q6nRXodju+V19hNynST6fwBNmQE6iFiK+5+oBdHgUKU=", "last_login": null, "is_superuser": false, "email": "mansilla.jesus@torneo.test", "nombre": "Jesus", "apellido": "Mansilla", "numero_telefono": "1122334455", "imagen": "", "verification_code": null, "is_verified": false, "division": 8, "genero": "MASCULINO", "tipo_usuario": "PLAYER", "organizacion": null, "is_active": true, "is_staff": false, "date_joined": "2026-02-17T19:44:56.229Z", "groups": [], "user_permissions": []}}, {"model": "accounts.customuser", "fields": {"password": "pbkdf2_sha256$1000000$tSdD9ryUVVhHE92APmyuwS$feSPt7IJWV97lUvniAUOYQDPbARNJ8F0ij5XcttIlvo=", "last_login": null, "is_superuser": false, "email": "kloster.martin@torneo.test", "nombre": "Martin", "apellido": "Kloster", "numero_telefono": "1122334455", "imagen": "", "verification_code": null, "is_verified": false, "division": 8, "genero": "MASCULINO", "tipo_usuario": "PLAYER", "organizacion": null, "is_active": true, "is_staff": false, "date_joined": "2026-02-17T19:45:01.837Z", "groups": [], "user_permissions": []}}, {"model": "accounts.customuser", "fields": {"password": "pbkdf2_sha256$1000000$IDSCo0QdevAldjXj7XtYg1$tf1F16vAxwjJXResjh4HCOz/owFJRzztxDu67r/Gb5Y=", "last_login": null, "is_superuser": false, "email": "juan.busalmen@torneo.test", "nombre": "Juan", "apellido": "Busalmen", "numero_telefono": "1122334455", "imagen": "", "verification_code": null, "is_verified": false, "division": 8, "genero": "MASCULINO", "tipo_usuario": "PLAYER", "organizacion": null, "is_active": true, "is_staff": false, "date_joined": "2026-02-17T19:45:07.120Z", "groups": [], "user_permissions": []}}, {"model": "accounts.customuser", "fields": {"password": "pbkdf2_sha256$1000000$otJ3VRGsFDisBlKtAT7EHP$wPbP1db8r7ScuTEHAGvefAFrXSigY/sdhsO3NIHvzv4=", "last_login": null, "is_superuser": false, "email": "julibietti@gmail.com", "nombre": "Julian", "apellido": "Moreiro", "numero_telefono": "2234548427", "imagen": "", "verification_code": null, "is_verified": false, "division": 8, "genero": "MASCULINO", "tipo_usuario": "PLAYER", "organizacion": null, "is_active": true, "is_staff": false, "date_joined": "2026-02-17T19:45:13Z", "groups": [], "user_permissions": []}}, {"model": "accounts.customuser", "fields": {"password": "pbkdf2_sha256$1000000$FKnlRu1zdEhbalKU7o8bPF$Xb0DxYHC3Zo2zKPphJo/KX96hZu0xOfeuh0Mf3pHsww=", "last_login": null, "is_superuser": false, "email": "salgadojuan120@gmail.com", "nombre": "Juan", "apellido": "Fusaro", "numero_telefono": "2235477594", "imagen": "", "verification_code": null, "is_verified": false, "division": 8, "genero": "MASCULINO", "tipo_usuario": "PLAYER", "organizacion": null, "is_active": true, "is_staff": false, "date_joined": "2026-02-17T19:45:18.332Z", "groups": [], "user_permissions": []}}, {"model": "accounts.customuser", "fields": {"password": "pbkdf2_sha256$1000000$uLHKqfS4KXf9jMZn0nVEh1$AxiiDlk94OzGubo0saURbPt85CAfBQItE7Ovc5NWqOU=", "last_login": null, "is_superuser": false, "email": "fotografiaalonso@gmail.com", "nombre": "Marcelo", "apellido": "Alonso", "numero_telefono": "2234368419", "imagen": "", "verification_code": null, "is_verified": false, "division": 8, "genero": "MASCULINO", "tipo_usuario": "PLAYER", "organizacion": null, "is_active": true, "is_staff": false, "date_joined": "2026-02-17T19:45:24.707Z", "groups": [], "user_permissions": []}}, {"model": "accounts.customuser", "fields": {"password": "pbkdf2_sha256$1000000$8lc1DYiBYqwTHoRWadWeeh$SYQMiT8OvG95k+N0/sd9/fkilbkYXjvspDPD68aqtss=", "last_login": null, "is_superuser": false, "email": "rocio.pagliere@torneo.test", "nombre": "Rocio", "apellido": "Pagliere", "numero_telefono": "1122334455", "imagen": "", "verification_code": null, "is_verified": false, "division": 8, "genero": "FEMENINO", "tipo_usuario": "PLAYER", "organizacion": null, "is_active": true, "is_staff": false, "date_joined": "2026-02-17T19:45:30Z", "groups": [], "user_permissions": []}}, {"model": "accounts.customuser", "fields": {"password": "pbkdf2_sha256$1000000$DLJHd4IHdb5kiF4DRCoogw$jcCmzxmL2K70IUZzY4qXRXg0XuM/qzQCSdN07kHkJM0=", "last_login": null, "is_superuser": false, "email": "paoo19772012@gmail.com", "nombre": "Paola", "apellido": "Pérez", "numero_telefono": "223624703", "imagen": "", "verification_code": null, "is_verified": false, "division": 6, "genero": "FEMENINO", "tipo_usuario": "PLAYER", "organizacion": null, "is_active": true, "is_staff": false, "date_joined": "2026-02-17T20:02:10Z", "groups": [], "user_permissions": []}}, {"model": "accounts.customuser", "fields": {"password": "pbkdf2_sha256$1000000$5nzzmtui8hwU0Kw1NB9noL$b+LtfNzvX2wg91WSDr1bXnHabT1eCzRvUhLHe/S3nWI=", "last_login": null, "is_superuser": false, "email": "patricio.alvarez@torneo.test", "nombre": "Patricio", "apellido": "Alvarez", "numero_telefono": "1122334455", "imagen": "", "verification_code": null, "is_verified": false, "division": 8, "genero": "MASCULINO", "tipo_usuario": "PLAYER", "organizacion": null, "is_active": true, "is_staff": false, "date_joined": "2026-02-17T20:02:16.897Z", "groups": [], "user_permissions": []}}, {"model": "accounts.customuser", "fields": {"password": "pbkdf2_sha256$1000000$Gv4Jtah2SzCRhauDyGlrwW$+EMAg/9aB2usUR85pIQyRJPVMo2lNTi18X13TcAmk6g=", "last_login": null, "is_superuser": false, "email": "elias.molina@torneo.test", "nombre": "Elias", "apellido": "Molina", "numero_telefono": "1122334455", "imagen": "", "verification_code": null, "is_verified": false, "division": 8, "genero": "MASCULINO", "tipo_usuario": "PLAYER", "organizacion": null, "is_active": true, "is_staff": false, "date_joined": "2026-02-17T20:02:22.604Z", "groups": [], "user_permissions": []}}, {"model": "accounts.customuser", "fields": {"password": "pbkdf2_sha256$1000000$NlMkjyK2k4XLeJF5qDGDd1$b4NdEpNBltAOnFeghnXkPxZT93MixykmksNLBZNpM3g=", "last_login": null, "is_superuser": false, "email": "fabian.esteban@torneo.test", "nombre": "Fabián", "apellido": "Esteban", "numero_telefono": "1122334455", "imagen": "", "verification_code": null, "is_verified": false, "division": 8, "genero": "MASCULINO", "tipo_usuario": "PLAYER", "organizacion": null, "is_active": true, "is_staff": false, "date_joined": "2026-02-17T20:02:27.662Z", "groups": [], "user_permissions": []}}, {"model": "accounts.customuser", "fields": {"password": "pbkdf2_sha256$1000000$8XgMiGScL81fgboZrav2jU$EcXl+KDBP0NUbECqiDPmceQgLkuKMOCo97tEZg6IOXk=", "last_login": null, "is_superuser": false, "email": "diego.esteban@torneo.test", "nombre": "Diego", "apellido": "Esteban", "numero_telefono": "1122334455", "imagen": "", "verification_code": null, "is_verified": false, "division": 8, "genero": "MASCULINO", "tipo_usuario": "PLAYER", "organizacion": null, "is_active": true, "is_staff": false, "date_joined": "2026-02-17T20:02:32.925Z", "groups": [], "user_permissions": []}}, {"model": "accounts.customuser", "fields": {"password": "pbkdf2_sha256$1000000$1rBhVTgMPXAbKZtVn35HKn$ttFpHtvmLYwDnYkoT8fa1Hb3mJ9glX1jGbGPinZashE=", "last_login": null, "is_superuser": false, "email": "sebastian.verriello@torneo.test", "nombre": "Sebastian", "apellido": "Verriello", "numero_telefono": "1122334455", "imagen": "", "verification_code": null, "is_verified": false, "division": 7, "genero": "MASCULINO", "tipo_usuario": "PLAYER", "organizacion": null, "is_active": true, "is_staff": false, "date_joined": "2026-02-17T20:02:38.317Z", "groups": [], "user_permissions": []}}, {"model": "accounts.customuser", "fields": {"password": "pbkdf2_sha256$1000000$VJSpsxnnvsph37nhHEazBD$0dMKkPqHjB42kFD/EtsP8fEzze/cUlBALoHyCseTn6g=", "last_login": null, "is_superuser": false, "email": "juancruzbravo97@gmail.com", "nombre": "Juan Cruz", "apellido": "Bravo", "numero_telefono": "2236016534", "imagen": "", "verification_code": null, "is_verified": false, "division": 7, "genero": "MASCULINO", "tipo_usuario": "PLAYER", "organizacion": null, "is_active": true, "is_staff": false, "date_joined": "2026-02-17T20:02:43.412Z", "groups": [], "user_permissions": []}}, {"model": "accounts.customuser", "fields": {"password": "pbkdf2_sha256$1000000$JOVtW2mZrrJmo3kUdHpFkV$83PRhLJ8rSWEftlBAxG9GjC6TALzvE/uj4C8FWoew+E=", "last_login": null, "is_superuser": false, "email": "juancruz.gonzalez@torneo.test", "nombre": "Juan Cruz", "apellido": "González", "numero_telefono": "1122334455", "imagen": "", "verification_code": null, "is_verified": false, "division": 7, "genero": "MASCULINO", "tipo_usuario": "PLAYER", "organizacion": null, "is_active": true, "is_staff": false, "date_joined": "2026-02-17T20:02:48.830Z", "groups": [], "user_permissions": []}}, {"model": "accounts.customuser", "fields": {"password": "pbkdf2_sha256$1000000$6CNeLjLSBMyG3lnTICgIzN$kKxwlIfAjDmUW0E5HfNgpmuWSctRex7yKnQMrq5pCR0=", "last_login": null, "is_superuser": false, "email": "agustin.lezcano@torneo.test", "nombre": "Agustín", "apellido": "Lezcano", "numero_telefono": "1122334455", "imagen": "", "verification_code": null, "is_verified": false, "division": 7, "genero": "MASCULINO", "tipo_usuario": "PLAYER", "organizacion": null, "is_active": true, "is_staff": false, "date_joined": "2026-02-17T20:02:54Z", "groups": [], "user_permissions": []}}, {"model": "accounts.customuser", "fields": {"password": "pbkdf2_sha256$1000000$JQ54BpSfhOgx53dkbpwzEf$eG0ghpwAxQGZiBVNfM3wWsxGLLzRxisDMmiJSXuaz/g=", "last_login": null, "is_superuser": false, "email": "francisco.sala@torneo.test", "nombre": "Francisco", "apellido": "Sala", "numero_telefono": "1122334455", "imagen": "", "verification_code": null, "is_verified": false, "division": 7, "genero": "MASCULINO", "tipo_usuario": "PLAYER", "organizacion": null, "is_active": true, "is_staff": false, "date_joined": "2026-02-17T20:02:59.886Z", "groups": [], "user_permissions": []}}, {"model": "accounts.customuser", "fields": {"password": "pbkdf2_sha256$1000000$Kl16zB6cHczQFrsXtQXxYA$GGXY3JHTqwM1FFoiZkU1ElUS9kogOD9R4xJxVqcrCZM=", "last_login": null, "is_superuser": false, "email": "mario.gorosito@torneo.test", "nombre": "Mario", "apellido": "Gorosito", "numero_telefono": "1122334455", "imagen": "", "verification_code": null, "is_verified": false, "division": 7, "genero": "MASCULINO", "tipo_usuario": "PLAYER", "organizacion": null, "is_active": true, "is_staff": false, "date_joined": "2026-02-17T20:03:05.362Z", "groups": [], "user_permissions": []}}, {"model": "accounts.customuser", "fields": {"password": "pbkdf2_sha256$1000000$nFaszPouWtQyYNbUI7K9LW$1ncSVQz0yfhKDIgcI0zvyrfjANzUEpfV8dAUBfwjX8A=", "last_login": null, "is_superuser": false, "email": "gabriela.tesoriere@torneo.test", "nombre": "Gabriela", "apellido": "Tesoriere", "numero_telefono": "1122334455", "imagen": "", "verification_code": null, "is_verified": false, "division": 7, "genero": "FEMENINO", "tipo_usuario": "PLAYER", "organizacion": null, "is_active": true, "is_staff": false, "date_joined": "2026-02-17T20:03:10Z", "groups": [], "user_permissions": []}}, {"model": "accounts.customuser", "fields": {"password": "pbkdf2_sha256$1000000$I1DuRCQP5NULxhpKScsqOp$Xf5R125B4NqbajJIX3Po0Dqxqx1ZcP/AGL+qNV6Uhvw=", "last_login": null, "is_superuser": false, "email": "jeremias.alonso@torneo.test", "nombre": "Jeremias", "apellido": "Alonso", "numero_telefono": "1122334455", "imagen": "", "verification_code": null, "is_verified": false, "division": 7, "genero": "MASCULINO", "tipo_usuario": "PLAYER", "organizacion": null, "is_active": true, "is_staff": false, "date_joined": "2026-02-17T20:03:16.476Z", "groups": [], "user_permissions": []}}, {"model": "accounts.customuser", "fields": {"password": "pbkdf2_sha256$1000000$ELDO4m5GaoAk9ld3E8pg0w$ULuWQHk97HLyNtqwc4i636Xumv013xBGuGtKQSeZBww=", "last_login": null, "is_superuser": false, "email": "axel.cabito@torneo.test", "nombre": "Axel", "apellido": "Cabito", "numero_telefono": "1122334455", "imagen": "", "verification_code": null, "is_verified": false, "division": 7, "genero": "MASCULINO", "tipo_usuario": "PLAYER", "organizacion": null, "is_active": true, "is_staff": false, "date_joined": "2026-02-17T20:03:21Z", "groups": [], "user_permissions": []}}, {"model": "accounts.customuser", "fields": {"password": "pbkdf2_sha256$1000000$Wv0a2ZIZmKG38fGnLMr4wE$juNtDYnJUo0xq6l3k6UVuYU3ecJIOA1NXlMJSs1YJYs=", "last_login": null, "is_superuser": false, "email": "ezequiel.loyza@torneo.test", "nombre": "Ezequiel", "apellido": "Loyza", "numero_telefono": "1122334455", "imagen": "", "verification_code": null, "is_verified": false, "division": 7, "genero": "MASCULINO", "tipo_usuario": "PLAYER", "organizacion": null, "is_active": true, "is_staff": false, "date_joined": "2026-02-17T20:03:27.110Z", "groups": [], "user_permissions": []}}, {"model": "accounts.customuser", "fields": {"password": "pbkdf2_sha256$1000000$iqwmXmfSVRRKyNtpRpD1as$GCB/Gz3lfd/BKjUTIErBJ5j+pJvZZ4c2EMTABDbhiPU=", "last_login": null, "is_superuser": false, "email": "claudiocabito89@gmail.com", "nombre": "Claudio Gabriel", "apellido": "Cabito", "numero_telefono": "+542236502055", "imagen": "", "verification_code": null, "is_verified": false, "division": 7, "genero": "MASCULINO", "tipo_usuario": "PLAYER", "organizacion": null, "is_active": true, "is_staff": false, "date_joined": "2026-02-17T20:03:32Z", "groups": [], "user_permissions": []}}, {"model": "accounts.customuser", "fields": {"password": "pbkdf2_sha256$1000000$LAIVbqz9005JbfOmZySBSb$J8rwVs01ETRsHtwkIUyyu/DY3p2ebmb/OtNlsH6j5/I=", "last_login": null, "is_superuser": false, "email": "dylan.cabito@torneo.test", "nombre": "Dylan", "apellido": "Cabito", "numero_telefono": "1122334455", "imagen": "", "verification_code": null, "is_verified": false, "division": 7, "genero": "MASCULINO", "tipo_usuario": "PLAYER", "organizacion": null, "is_active": true, "is_staff": false, "date_joined": "2026-02-17T20:03:37Z", "groups": [], "user_permissions": []}}, {"model": "accounts.customuser", "fields": {"password": "pbkdf2_sha256$1000000$thyaWgDMM9r6LMTE3lJoIP$XqRoOo9iMdmVg/+rJQ+lswdu6KTFABa6HmH09pChJKE=", "last_login": null, "is_superuser": false, "email": "tomas.saldias@torneo.test", "nombre": "Tomás", "apellido": "Saldias", "numero_telefono": "1122334455", "imagen": "", "verification_code": null, "is_verified": false, "division": 7, "genero": "MASCULINO", "tipo_usuario": "PLAYER", "organizacion": null, "is_active": true, "is_staff": false, "date_joined": "2026-02-17T20:03:43.488Z", "groups": [], "user_permissions": []}}, {"model": "accounts.customuser", "fields": {"password": "pbkdf2_sha256$1000000$Xh1M5i67Oh0YNOUpLGFwgs$MGhooQjlTDXBNA0ixlaltUQ3hNuem1JbiLAgTpXIqH8=", "last_login": null, "is_superuser": false, "email": "joel.saldias@torneo.test", "nombre": "Joel", "apellido": "Saldias", "numero_telefono": "1122334455", "imagen": "", "verification_code": null, "is_verified": false, "division": 7, "genero": "MASCULINO", "tipo_usuario": "PLAYER", "organizacion": null, "is_active": true, "is_staff": false, "date_joined": "2026-02-17T20:03:48.572Z", "groups": [], "user_permissions": []}}, {"model": "accounts.customuser", "fields": {"password": "pbkdf2_sha256$1000000$ySIHrARa0HqjMAk1CR3zAi$gJuqi181e8CYpgogNXaULLgr85zlC/FCSFEr7UMvEYE=", "last_login": null, "is_superuser": false, "email": "hernan.mancinelli@torneo.test", "nombre": "Hernán", "apellido": "Mancinelli", "numero_telefono": "1122334455", "imagen": "", "verification_code": null, "is_verified": false, "division": 7, "genero": "MASCULINO", "tipo_usuario": "PLAYER", "organizacion": null, "is_active": true, "is_staff": false, "date_joined": "2026-02-17T20:03:54.078Z", "groups": [], "user_permissions": []}}, {"model": "accounts.customuser", "fields": {"password": "pbkdf2_sha256$1000000$ZtjOe3lCeg2eB4Mm8qdiVD$zpvJaChB6qlPZM2ZS1DoAEyng+pTmv7OudIcAkzjMkk=", "last_login": null, "is_superuser": false, "email": "tomas.mancinelli@torneo.test", "nombre": "Tomás", "apellido": "Mancinelli", "numero_telefono": "1122334455", "imagen": "", "verification_code": null, "is_verified": false, "division": 7, "genero": "MASCULINO", "tipo_usuario": "PLAYER", "organizacion": null, "is_active": true, "is_staff": false, "date_joined": "2026-02-17T20:03:59.698Z", "groups": [], "user_permissions": []}}, {"model": "accounts.customuser", "fields": {"password": "pbkdf2_sha256$1000000$iNWW3H9nyLhQj5Tuf6HYnJ$5PRRLULUqN+uVnhGrOnVP7SKzGt+019aNNN5uPj0Gzk=", "last_login": null, "is_superuser": false, "email": "mauro.moreno@torneo.test", "nombre": "Mauro", "apellido": "Moreno", "numero_telefono": "1122334455", "imagen": "", "verification_code": null, "is_verified": false, "division": 7, "genero": "MASCULINO", "tipo_usuario": "PLAYER", "organizacion": null, "is_active": true, "is_staff": false, "date_joined": "2026-02-17T20:04:05.009Z", "groups": [], "user_permissions": []}}, {"model": "accounts.customuser", "fields": {"password": "pbkdf2_sha256$1000000$gLpT3U4bOggF5NNOaBG1cE$bRGOnl0zVCYlzfyMoOOeTMwN75b2TOtF1ynt7B8jXG0=", "last_login": null, "is_superuser": false, "email": "iazurlo.carlos@torneo.test", "nombre": "Carlos", "apellido": "Iazurlo", "numero_telefono": "1122334455", "imagen": "", "verification_code": null, "is_verified": false, "division": 7, "genero": "MASCULINO", "tipo_usuario": "PLAYER", "organizacion": null, "is_active": true, "is_staff": false, "date_joined": "2026-02-17T20:04:10.685Z", "groups": [], "user_permissions": []}}, {"model": "accounts.customuser", "fields": {"password": "pbkdf2_sha256$1000000$nyYFyaclj0UE5GwKMdSoAe$QNz42WRsykPxQ4cpXPLg0jTSicSf9U6rP07BzjjB2hQ=", "last_login": null, "is_superuser": false, "email": "mariano.pampin@torneo.test", "nombre": "Mariano", "apellido": "Pampin", "numero_telefono": "1122334455", "imagen": "", "verification_code": null, "is_verified": false, "division": 7, "genero": "MASCULINO", "tipo_usuario": "PLAYER", "organizacion": null, "is_active": true, "is_staff": false, "date_joined": "2026-02-17T20:04:16.458Z", "groups": [], "user_permissions": []}}, {"model": "accounts.customuser", "fields": {"password": "pbkdf2_sha256$1000000$7ShvXsLmpCaUr8HoeKXF2F$04NkGEoYCLBUhaIxGrZrmu8deihJmiW2k/95k9mXaAc=", "last_login": null, "is_superuser": false, "email": "federico.principi@torneo.test", "nombre": "Federico", "apellido": "Principi", "numero_telefono": "1122334455", "imagen": "", "verification_code": null, "is_verified": false, "division": 7, "genero": "MASCULINO", "tipo_usuario": "PLAYER", "organizacion": null, "is_active": true, "is_staff": false, "date_joined": "2026-02-17T20:04:22.031Z", "groups": [], "user_permissions": []}}, {"model": "accounts.customuser", "fields": {"password": "pbkdf2_sha256$1000000$up2fru2n3sRzMuknmozqCz$BdbecxqSj7yw2yuVM1OT+ZxDvet3FA5MY3l98R+jiUo=", "last_login": null, "is_superuser": false, "email": "maximiliano.maggio@torneo.test", "nombre": "Maximiliano", "apellido": "Maggio", "numero_telefono": "1122334455", "imagen": "", "verification_code": null, "is_verified": false, "division": 7, "genero": "MASCULINO", "tipo_usuario": "PLAYER", "organizacion": null, "is_active": true, "is_staff": false, "date_joined": "2026-02-17T20:04:27.956Z", "groups": [], "user_permissions": []}}, {"model": "accounts.customuser", "fields": {"password": "pbkdf2_sha256$1000000$LcLEgk9OVn60ZuujGxj2g7$LJ4miXf1XK/mrzgYdCuh9ZksMB30iuPrA5rPNtViiV0=", "last_login": null, "is_superuser": false, "email": "juan.eyrea@torneo.test", "nombre": "Juan", "apellido": "Eyrea", "numero_telefono": "1122334455", "imagen": "", "verification_code": null, "is_verified": false, "division": 7, "genero": "MASCULINO", "tipo_usuario": "PLAYER", "organizacion": null, "is_active": true, "is_staff": false, "date_joined": "2026-02-17T20:04:33.501Z", "groups": [], "user_permissions": []}}, {"model": "accounts.customuser", "fields": {"password": "pbkdf2_sha256$1000000$iZjGnj4E14s9DYmPE7BSTo$0oE4oJsWMK2WXHQBYMzAqep7Uv2nS0Xfnleluvc+RMA=", "last_login": null, "is_superuser": false, "email": "juan.almandoz@torneo.test", "nombre": "Juan", "apellido": "Almandoz", "numero_telefono": "1122334455", "imagen": "", "verification_code": null, "is_verified": false, "division": 7, "genero": "MASCULINO", "tipo_usuario": "PLAYER", "organizacion": null, "is_active": true, "is_staff": false, "date_joined": "2026-02-17T20:04:38.583Z", "groups": [], "user_permissions": []}}, {"model": "accounts.customuser", "fields": {"password": "pbkdf2_sha256$1000000$wGahuRnNbG0FkrTOY7ldf5$TC4TYXZi5sFXOfCI6ekY+9nDd5V2oGWrmX7NtewW56w=", "last_login": null, "is_superuser": false, "email": "claudio.pesaresi@torneo.test", "nombre": "Claudio", "apellido": "Pesaresi", "numero_telefono": "1122334455", "imagen": "", "verification_code": null, "is_verified": false, "division": 7, "genero": "MASCULINO", "tipo_usuario": "PLAYER", "organizacion": null, "is_active": true, "is_staff": false, "date_joined": "2026-02-17T20:04:44.147Z", "groups": [], "user_permissions": []}}, {"model": "accounts.customuser", "fields": {"password": "pbkdf2_sha256$1000000$GzuOicAyjDwivEDzrV8yoO$3TBow8sbEXkwwsijCBnCRj/CdiXyjXmtjyjkaxHRtZs=", "last_login": null, "is_superuser": false, "email": "andres.oteiza@torneo.test", "nombre": "Andres", "apellido": "Oteiza", "numero_telefono": "1122334455", "imagen": "", "verification_code": null, "is_verified": false, "division": 7, "genero": "MASCULINO", "tipo_usuario": "PLAYER", "organizacion": null, "is_active": true, "is_staff": false, "date_joined": "2026-02-17T20:04:49Z", "groups": [], "user_permissions": []}}, {"model": "accounts.customuser", "fields": {"password": "pbkdf2_sha256$1000000$IzmDVTeR5hKKwBzLxGfjQw$fc6dyS2ZTFxvgLVLZKVOK9hOluFRu04tyJe+tCchbSg=", "last_login": null, "is_superuser": false, "email": "gestolias1@gmail.com", "nombre": "Jose Eduardo", "apellido": "Lias", "numero_telefono": "02235498463", "imagen": "", "verification_code": null, "is_verified": false, "division": 7, "genero": "MASCULINO", "tipo_usuario": "PLAYER", "organizacion": null, "is_active": true, "is_staff": false, "date_joined": "2026-02-17T20:04:54.602Z", "groups": [], "user_permissions": []}}, {"model": "accounts.customuser", "fields": {"password": "pbkdf2_sha256$1000000$Z1QY1aM8z4R2Ogikd6naX7$NV/wIJwPOZU88HcSP1M7GAhCrqD7+zJnHU/ATUWqcpo=", "last_login": null, "is_superuser": false, "email": "sergio.conde@torneo.test", "nombre": "Sergio", "apellido": "Conde", "numero_telefono": "1122334455", "imagen": "", "verification_code": null, "is_verified": false, "division": 7, "genero": "MASCULINO", "tipo_usuario": "PLAYER", "organizacion": null, "is_active": true, "is_staff": false, "date_joined": "2026-02-17T20:05:00.600Z", "groups": [], "user_permissions": []}}, {"model": "accounts.customuser", "fields": {"password": "pbkdf2_sha256$1000000$6xV4RDncr6j0spcvTAi6RJ$6TgFz4buTF6UOIhbaCOGHlzqh5TuykClRS+wTZQv5+k=", "last_login": null, "is_superuser": false, "email": "manuel.berdun@torneo.test", "nombre": "Manuel", "apellido": "Berdun", "numero_telefono": "1122334455", "imagen": "", "verification_code": null, "is_verified": false, "division": 7, "genero": "MASCULINO", "tipo_usuario": "PLAYER", "organizacion": null, "is_active": true, "is_staff": false, "date_joined": "2026-02-17T20:05:06.692Z", "groups": [], "user_permissions": []}}, {"model": "accounts.customuser", "fields": {"password": "pbkdf2_sha256$1000000$RC28L50EYpo5dHUyBQUgW6$iUYNHOwG3W+UI5SlCCqjMEFhEHIdqYOZ+tte3XxOTa8=", "last_login": null, "is_superuser": false, "email": "mauricio.berdun@torneo.test", "nombre": "Mauricio", "apellido": "Berdun", "numero_telefono": "1122334455", "imagen": "", "verification_code": null, "is_verified": false, "division": 7, "genero": "MASCULINO", "tipo_usuario": "PLAYER", "organizacion": null, "is_active": true, "is_staff": false, "date_joined": "2026-02-17T20:05:12.277Z", "groups": [], "user_permissions": []}}, {"model": "accounts.customuser", "fields": {"password": "pbkdf2_sha256$1000000$vhdvLPlHZ0uQaR7Qu8gpzD$/Kqs6AZrZNwjSPRCi7KcSI83x78jgADprfWbwZPNohs=", "last_login": null, "is_superuser": false, "email": "vazquezfranco418@gmail.com", "nombre": "Franco", "apellido": "Vázquez", "numero_telefono": "2235049707", "imagen": "", "verification_code": null, "is_verified": false, "division": 7, "genero": "MASCULINO", "tipo_usuario": "PLAYER", "organizacion": null, "is_active": true, "is_staff": false, "date_joined": "2026-02-17T20:05:18.060Z", "groups": [], "user_permissions": []}}, {"model": "accounts.customuser", "fields": {"password": "pbkdf2_sha256$1000000$wl2VoaPwKj4yuwjTNvbr6a$hQ+OypsdJpq1LlHDM148aQDqTVuDsrykbb/dMo2QARQ=", "last_login": null, "is_superuser": false, "email": "juan.martos@torneo.test", "nombre": "Juan", "apellido": "Martos", "numero_telefono": "1122334455", "imagen": "", "verification_code": null, "is_verified": false, "division": 7, "genero": "MASCULINO", "tipo_usuario": "PLAYER", "organizacion": null, "is_active": true, "is_staff": false, "date_joined": "2026-02-17T20:05:23.841Z", "groups": [], "user_permissions": []}}, {"model": "accounts.customuser", "fields": {"password": "pbkdf2_sha256$1000000$wDP4gfbOScYzbPqQWK4j0l$lyJkuY3lmo6iouMP+34DIbcABLWaYOY+DL4YnG9J1jc=", "last_login": null, "is_superuser": false, "email": "johannabarros92@gmail.com", "nombre": "Johanna", "apellido": "Barros", "numero_telefono": "02235976107", "imagen": "", "verification_code": null, "is_verified": false, "division": 8, "genero": "FEMENINO", "tipo_usuario": "PLAYER", "organizacion": null, "is_active": true, "is_staff": false, "date_joined": "2026-02-17T20:05:29Z", "groups": [], "user_permissions": []}}, {"model": "accounts.customuser", "fields": {"password": "pbkdf2_sha256$1000000$qmzRsACmliiKshuLPHcBYb$JXZuoEWnPiUF1co6ih8hByHaWxe8LmAOhYTGA/5uAAE=", "last_login": null, "is_superuser": false, "email": "alicia.barros@torneo.test", "nombre": "Alicia", "apellido": "Barros", "numero_telefono": "1122334455", "imagen": "", "verification_code": null, "is_verified": false, "division": 8, "genero": "FEMENINO", "tipo_usuario": "PLAYER", "organizacion": null, "is_active": true, "is_staff": false, "date_joined": "2026-02-17T20:05:35Z", "groups": [], "user_permissions": []}}, {"model": "accounts.customuser", "fields": {"password": "pbkdf2_sha256$1000000$3vUkOyM6KR78ItkkAhjZFh$Au3Ec9oMPMVa//ALXBh4OoL2g2wFL500wW132R/KuPk=", "last_login": null, "is_superuser": false, "email": "flor.incaurgarat@gmail.com", "nombre": "Maria Florencia", "apellido": "Incaurgarat", "numero_telefono": "02235659570", "imagen": "", "verification_code": null, "is_verified": false, "division": 8, "genero": "FEMENINO", "tipo_usuario": "PLAYER", "organizacion": null, "is_active": true, "is_staff": false, "date_joined": "2026-02-17T20:05:41Z", "groups": [], "user_permissions": []}}, {"model": "accounts.customuser", "fields": {"password": "pbkdf2_sha256$1000000$Y63bGntymjZEYwgGhq9o6Q$qV56R8JwqzSpGJtDwnT6wGbgqv7c2eSe2uPU+cI4C8s=", "last_login": null, "is_superuser": false, "email": "0valenvicente6@gmail.com", "nombre": "Valentina", "apellido": "Vicente Eiroa", "numero_telefono": "2236939305", "imagen": "", "verification_code": null, "is_verified": false, "division": 8, "genero": "FEMENINO", "tipo_usuario": "PLAYER", "organizacion": null, "is_active": true, "is_staff": false, "date_joined": "2026-02-17T20:05:47Z", "groups": [], "user_permissions": []}}, {"model": "accounts.customuser", "fields": {"password": "pbkdf2_sha256$1000000$0uzJ6IqfeWcj3wHqgNzIQw$fvwKRdccrqVPyQIN+BGIVsaalCsy5yaJRygtklso4Xo=", "last_login": null, "is_superuser": false, "email": "gisele.favia@torneo.test", "nombre": "Gisele", "apellido": "Favia", "numero_telefono": "1122334455", "imagen": "", "verification_code": null, "is_verified": false, "division": 8, "genero": "FEMENINO", "tipo_usuario": "PLAYER", "organizacion": null, "is_active": true, "is_staff": false, "date_joined": "2026-02-17T20:05:53Z", "groups": [], "user_permissions": []}}, {"model": "accounts.customuser", "fields": {"password": "pbkdf2_sha256$1000000$nUvP5YsuG3UoBorHrhHWWO$U3UkX0MNy/Gs6deH7TgHo0OL0bnBryhAKRhrVXaMBmg=", "last_login": null, "is_superuser": false, "email": "camilia.iriarte@torneo.test", "nombre": "Camilia", "apellido": "Iriarte", "numero_telefono": "1122334455", "imagen": "", "verification_code": null, "is_verified": false, "division": 8, "genero": "FEMENINO", "tipo_usuario": "PLAYER", "organizacion": null, "is_active": true, "is_staff": false, "date_joined": "2026-02-17T20:05:59Z", "groups": [], "user_permissions": []}}, {"model": "accounts.customuser", "fields": {"password": "pbkdf2_sha256$1000000$NElKf5m2kDLfdL1uYnELUO$fkNBJwB4PP5NocacwO/MAJp9cwA/3l/orXOj6FwvlIc=", "last_login": null, "is_superuser": false, "email": "ledesmasol395@gmail.com", "nombre": "María Sol", "apellido": "Ledesma", "numero_telefono": "2235416331", "imagen": "", "verification_code": null, "is_verified": false, "division": 8, "genero": "FEMENINO", "tipo_usuario": "PLAYER", "organizacion": null, "is_active": true, "is_staff": false, "date_joined": "2026-02-17T20:06:04Z", "groups": [], "user_permissions": []}}, {"model": "accounts.customuser", "fields": {"password": "pbkdf2_sha256$1000000$TXsFwEHFTw0QWmSa3otS2n$S7eye6LsMwPrBh21oSh+89l5j1HbGyaCPODNLKfl5+c=", "last_login": null, "is_superuser": false, "email": "lara.palavecino@torneo.test", "nombre": "Lara", "apellido": "Palavecino", "numero_telefono": "1122334455", "imagen": "", "verification_code": null, "is_verified": false, "division": 8, "genero": "FEMENINO", "tipo_usuario": "PLAYER", "organizacion": null, "is_active": true, "is_staff": false, "date_joined": "2026-02-17T20:06:10Z", "groups": [], "user_permissions": []}}, {"model": "accounts.customuser", "fields": {"password": "pbkdf2_sha256$1000000$zhdApf7A66afpGH84KbN4c$onD/KPP4gzQbwD8HjvPmNl5/cayyk885C8n/GoTCVtg=", "last_login": null, "is_superuser": false, "email": "lindagmarino91@gmail.com", "nombre": "Linda", "apellido": "Marino", "numero_telefono": "2236236035", "imagen": "", "verification_code": null, "is_verified": false, "division": 8, "genero": "FEMENINO", "tipo_usuario": "PLAYER", "organizacion": null, "is_active": true, "is_staff": false, "date_joined": "2026-02-17T20:06:16Z", "groups": [], "user_permissions": []}}, {"model": "accounts.customuser", "fields": {"password": "pbkdf2_sha256$1000000$strOkAonGHFhyVc6oXm2rp$i3bjGtN5YrqmoruHDJGeTMesQYnx3JZO4fhTBa0QvBo=", "last_login": null, "is_superuser": false, "email": "soledad.sendon@torneo.test", "nombre": "Soledad", "apellido": "Sendon", "numero_telefono": "1122334455", "imagen": "", "verification_code": null, "is_verified": false, "division": 8, "genero": "FEMENINO", "tipo_usuario": "PLAYER", "organizacion": null, "is_active": true, "is_staff": false, "date_joined": "2026-02-17T20:06:22Z", "groups": [], "user_permissions": []}}, {"model": "accounts.customuser", "fields": {"password": "pbkdf2_sha256$1000000$3q08jKd1nGLxq0adn7RDoY$1bKBT+bfUALIzfx3GON4B50Yj2xbHpU1r5W8Uj2Jo+U=", "last_login": null, "is_superuser": false, "email": "elizabeth.martinez@torneo.test", "nombre": "Elizabeth", "apellido": "Martinez", "numero_telefono": "1122334455", "imagen": "", "verification_code": null, "is_verified": false, "division": 8, "genero": "FEMENINO", "tipo_usuario": "PLAYER", "organizacion": null, "is_active": true, "is_staff": false, "date_joined": "2026-02-17T20:06:28Z", "groups": [], "user_permissions": []}}, {"model": "accounts.customuser", "fields": {"password": "pbkdf2_sha256$1000000$PyGodIIkKcygyb162Iaghv$ZtT6TUBjCpUnyZyl7F7EidFbxjGoh25Kib/5Pc5cwpM=", "last_login": null, "is_superuser": false, "email": "carola.martinez@torneo.test", "nombre": "Carola", "apellido": "Martinez", "numero_telefono": "1122334455", "imagen": "", "verification_code": null, "is_verified": false, "division": 8, "genero": "FEMENINO", "tipo_usuario": "PLAYER", "organizacion": null, "is_active": true, "is_staff": false, "date_joined": "2026-02-17T20:06:34Z", "groups": [], "user_permissions": []}}, {"model": "accounts.customuser", "fields": {"password": "pbkdf2_sha256$1000000$cDVCWFuwaLDkpVEw30sCcx$M5vQIN9Mua8fTopp//eeTxff4RMqGeZd0bi8xGW7R70=", "last_login": null, "is_superuser": false, "email": "bosco.paula@torneo.test", "nombre": "Paula", "apellido": "Bosco", "numero_telefono": "1122334455", "imagen": "", "verification_code": null, "is_verified": false, "division": 8, "genero": "FEMENINO", "tipo_usuario": "PLAYER", "organizacion": null, "is_active": true, "is_staff": false, "date_joined": "2026-02-17T20:06:39Z", "groups": [], "user_permissions": []}}, {"model": "accounts.customuser", "fields": {"password": "pbkdf2_sha256$1000000$gKi643fTTXWpuQFQxisTrR$YdnPT1DBI89q+qVhpD/VPpgDK9Dh7DZobHZZpfxv0Mo=", "last_login": null, "is_superuser": false, "email": "ramundo.eugenia@torneo.test", "nombre": "Eugenia", "apellido": "Ramundo", "numero_telefono": "1122334455", "imagen": "", "verification_code": null, "is_verified": false, "division": 8, "genero": "FEMENINO", "tipo_usuario": "PLAYER", "organizacion": null, "is_active": true, "is_staff": false, "date_joined": "2026-02-17T20:06:45Z", "groups": [], "user_permissions": []}}, {"model": "accounts.customuser", "fields": {"password": "pbkdf2_sha256$1000000$6gsvK3Xi4f8oDdo0PXMPfS$MIgaAxZo5tVexKUByOiIPRwBrKjiTfvupDKMqGQ8i0s=", "last_login": null, "is_superuser": false, "email": "camila.ruiz@torneo.test", "nombre": "Camila", "apellido": "Ruiz", "numero_telefono": "1122334455", "imagen": "", "verification_code": null, "is_verified": false, "division": 8, "genero": "FEMENINO", "tipo_usuario": "PLAYER", "organizacion": null, "is_active": true, "is_staff": false, "date_joined": "2026-02-17T20:06:51Z", "groups": [], "user_permissions": []}}, {"model": "accounts.customuser", "fields": {"password": "pbkdf2_sha256$1000000$PPElZzh0Ls7wJjCutf21Bb$VJcp3ONGoVroL0eiGsa01qC3ayyrfHaq2Jv5tO+fN9c=", "last_login": null, "is_superuser": false, "email": "camila.atila@torneo.test", "nombre": "Camila", "apellido": "Atila", "numero_telefono": "1122334455", "imagen": "", "verification_code": null, "is_verified": false, "division": 8, "genero": "FEMENINO", "tipo_usuario": "PLAYER", "organizacion": null, "is_active": true, "is_staff": false, "date_joined": "2026-02-17T20:06:57Z", "groups": [], "user_permissions": []}}, {"model": "accounts.customuser", "fields": {"password": "pbkdf2_sha256$1000000$rBAs2ytJVxGncQusbuFfVt$GmRTQyV9CH/Uztup0wgtZS5J7zhCVs1hd0jEntcyMW8=", "last_login": null, "is_superuser": false, "email": "eugenia.badia@torneo.test", "nombre": "Eugenia", "apellido": "Badia", "numero_telefono": "1122334455", "imagen": "", "verification_code": null, "is_verified": false, "division": 8, "genero": "FEMENINO", "tipo_usuario": "PLAYER", "organizacion": null, "is_active": true, "is_staff": false, "date_joined": "2026-02-17T20:07:02Z", "groups": [], "user_permissions": []}}, {"model": "accounts.customuser", "fields": {"password": "pbkdf2_sha256$1000000$fYJg3aVQBvvSjL4JGUYqTG$vl5SB9ySa8qE9llh7Yg+EMU/ZyzDUZXo9jF+KkzpuwE=", "last_login": "2026-02-17T20:24:43Z", "is_superuser": false, "email": "cecilia.rivas@torneo.test", "nombre": "Cecilia", "apellido": "Rivas", "numero_telefono": "1122334455", "imagen": "", "verification_code": null, "is_verified": false, "division": 8, "genero": "FEMENINO", "tipo_usuario": "PLAYER", "organizacion": null, "is_active": true, "is_staff": false, "date_joined": "2026-02-17T20:07:08Z", "groups": [], "user_permissions": []}}, {"model": "accounts.customuser", "fields": {"password": "pbkdf2_sha256$1000000$VCU7J05fBbI01qZgTBDbtu$k9RI11FQGTFIfSO3kPz0Gmiqf4oNXCPx3jAYAFjXkS8=", "last_login": null, "is_superuser": false, "email": "todaro.laura@torneo.test", "nombre": "Laura", "apellido": "Todaro", "numero_telefono": "1122334455", "imagen": "", "verification_code": null, "is_verified": false, "division": 8, "genero": "FEMENINO", "tipo_usuario": "PLAYER", "organizacion": null, "is_active": true, "is_staff": false, "date_joined": "2026-02-17T20:07:14Z", "groups": [], "user_permissions": []}}, {"model": "accounts.customuser", "fields": {"password": "pbkdf2_sha256$1000000$XjTrAYvAkw4ENQZHnlkElY$yPZaMC54o6sE3rCZcQlJ9ajXNo+8EjpnPhuMpp6yIcc=", "last_login": null, "is_superuser": false, "email": "villalba.belen@torneo.test", "nombre": "Belen", "apellido": "Villalba", "numero_telefono": "1122334455", "imagen": "", "verification_code": null, "is_verified": false, "division": 8, "genero": "FEMENINO", "tipo_usuario": "PLAYER", "organizacion": null, "is_active": true, "is_staff": false, "date_joined": "2026-02-17T20:07:20Z", "groups": [], "user_permissions": []}}, {"model": "accounts.customuser", "fields": {"password": "pbkdf2_sha256$1000000$XOnmC0yKjGDI5RdyfrMdI5$ViYP1vDasYgTLlB3LJREUjW7Ny6MsYxlfB39Uym3U7E=", "last_login": null, "is_superuser": false, "email": "nicolasmastrovito@torneo.test", "nombre": "Nicolas", "apellido": "Mastrovito", "numero_telefono": "1122334455", "imagen": "", "verification_code": null, "is_verified": false, "division": 7, "genero": "MASCULINO", "tipo_usuario": "PLAYER", "organizacion": null, "is_active": true, "is_staff": false, "date_joined": "2026-02-17T20:13:24Z", "groups": [], "user_permissions": []}}, {"model": "accounts.customuser", "fields": {"password": "pbkdf2_sha256$1000000$Myoo98ZyzrTLJWj7UlDskd$1Uwe4nb02Ip//KOo74czLaFNE2O4Lkpp30lU/bPr5qA=", "last_login": null, "is_superuser": false, "email": "manuel.perez@torneo.test", "nombre": "Manuel", "apellido": "Perez", "numero_telefono": "1122334455", "imagen": "", "verification_code": null, "is_verified": false, "division": 8, "genero": "MASCULINO", "tipo_usuario": "PLAYER", "organizacion": null, "is_active": true, "is_staff": false, "date_joined": "2026-02-19T10:01:32.734Z", "groups": [], "user_permissions": []}}, {"model": "accounts.customuser", "fields": {"password": "pbkdf2_sha256$1000000$wE0IVTH2O9m8j229fXeBq6$0PH8F+fHmyXWMR33SKqoaagFGxIOh+K/hWyuRAi7UU4=", "last_login": null, "is_superuser": false, "email": "gonzalo.belino@torneo.test", "nombre": "Gonzalo", "apellido": "Belino", "numero_telefono": "1122334455", "imagen": "", "verification_code": null, "is_verified": false, "division": 8, "genero": "MASCULINO", "tipo_usuario": "PLAYER", "organizacion": null, "is_active": true, "is_staff": false, "date_joined": "2026-02-19T10:02:47.503Z", "groups": [], "user_permissions": []}}, {"model": "accounts.customuser", "fields": {"password": "pbkdf2_sha256$1000000$lLw7ASEhE8F864WGjCB3JL$FnxvYFCpPyRiYYqoiAi9OM14iVa7F054TGle8dTBsxw=", "last_login": null, "is_superuser": false, "email": "jcervatte@gmail.com", "nombre": "Sebastián", "apellido": "Cervatte", "numero_telefono": "2233424035", "imagen": "", "verification_code": null, "is_verified": false, "division": 7, "genero": "MASCULINO", "tipo_usuario": "PLAYER", "organizacion": null, "is_active": true, "is_staff": false, "date_joined": "2026-02-19T10:41:16.163Z", "groups": [], "user_permissions": []}}, {"model": "accounts.customuser", "fields": {"password": "pbkdf2_sha256$1000000$EFaAp6Rfseh8NdtlQGfBNw$jVN97jzcL7wO+7yFY7XkRlLjZ9Q3VWfSaXi48cckuLY=", "last_login": null, "is_superuser": false, "email": "santiago.woldosko@torneo.test", "nombre": "Santiago", "apellido": "Woldosko", "numero_telefono": "1122334455", "imagen": "", "verification_code": null, "is_verified": false, "division": 7, "genero": "MASCULINO", "tipo_usuario": "PLAYER", "organizacion": null, "is_active": true, "is_staff": false, "date_joined": "2026-02-19T10:41:22.118Z", "groups": [], "user_permissions": []}}, {"model": "accounts.customuser", "fields": {"password": "pbkdf2_sha256$1000000$sbAnva1QXZeYqhw1XCgScZ$ETCjOg5SWEA6UZdpXso8+euQBFivpZlVHwTLtoHzgFA=", "last_login": "2026-02-21T23:44:40Z", "is_superuser": false, "email": "busquet@torneo.test", "nombre": "Busquet", "apellido": "Busquet", "numero_telefono": "1122334455", "imagen": "", "verification_code": null, "is_verified": false, "division": 7, "genero": "MASCULINO", "tipo_usuario": "PLAYER", "organizacion": null, "is_active": true, "is_staff": false, "date_joined": "2026-02-19T10:41:27Z", "groups": [], "user_permissions": []}}, {"model": "accounts.customuser", "fields": {"password": "pbkdf2_sha256$1000000$vTFm1vrwsRrWyZUiblwHle$xftyOxPIfZkCkeoZESQmEWV8ZL28HDS3vyUHUrDVbT0=", "last_login": "2026-02-21T23:44:16Z", "is_superuser": false, "email": "reina@torneo.test", "nombre": "Reina", "apellido": "Reina", "numero_telefono": "1122334455", "imagen": "", "verification_code": null, "is_verified": false, "division": 7, "genero": "MASCULINO", "tipo_usuario": "PLAYER", "organizacion": null, "is_active": true, "is_staff": false, "date_joined": "2026-02-19T10:41:33Z", "groups": [], "user_permissions": []}}, {"model": "accounts.customuser", "fields": {"password": "pbkdf2_sha256$1000000$mykIMRjTWeQY9UnXwmUMFO$83dYE31mUDTO73x/5QHlDOswJCwYbAUIvreBngNFiWI=", "last_login": null, "is_superuser": false, "email": "daniel.ruiz@torneo.test", "nombre": "Daniel", "apellido": "Ruiz", "numero_telefono": "1122334455", "imagen": "", "verification_code": null, "is_verified": false, "division": 7, "genero": "MASCULINO", "tipo_usuario": "PLAYER", "organizacion": null, "is_active": true, "is_staff": false, "date_joined": "2026-02-19T10:41:38.824Z", "groups": [], "user_permissions": []}}, {"model": "accounts.customuser", "fields": {"password": "pbkdf2_sha256$1000000$AUy14ugpKCVtnHSZ3ZW2Kn$IDkiBE6aWBr5FGbI63/3wWxUnX6HezE/XpsL9GsbE14=", "last_login": null, "is_superuser": false, "email": "manuel.gorrasi@torneo.test", "nombre": "Manuel", "apellido": "Gorrasi", "numero_telefono": "1122334455", "imagen": "", "verification_code": null, "is_verified": false, "division": 7, "genero": "MASCULINO", "tipo_usuario": "PLAYER", "organizacion": null, "is_active": true, "is_staff": false, "date_joined": "2026-02-19T10:41:44.162Z", "groups": [], "user_permissions": []}}, {"model": "accounts.customuser", "fields": {"password": "pbkdf2_sha256$1000000$DRXxbn8lKv8pjKBW2eBPLD$pcWoadGl28quhomN36kMjZ/dSOqGq1M1bayRh/C1ZSA=", "last_login": null, "is_superuser": false, "email": "candela.solari@torneo.test", "nombre": "Candela", "apellido": "Solari", "numero_telefono": "1122334455", "imagen": "", "verification_code": null, "is_verified": false, "division": 8, "genero": "MASCULINO", "tipo_usuario": "PLAYER", "organizacion": null, "is_active": true, "is_staff": false, "date_joined": "2026-02-19T10:41:49.628Z", "groups": [], "user_permissions": []}}, {"model": "accounts.customuser", "fields": {"password": "pbkdf2_sha256$1000000$Ckyp1waZTGe1gl5XX5fqtz$347h0tfqpOuktAnntXSjRxkoOEr5jaO4bm/FDACcKmI=", "last_login": null, "is_superuser": false, "email": "micaela.merlo@torneo.test", "nombre": "Micaela", "apellido": "Merlo", "numero_telefono": "1122334455", "imagen": "", "verification_code": null, "is_verified": false, "division": 8, "genero": "MASCULINO", "tipo_usuario": "PLAYER", "organizacion": null, "is_active": true, "is_staff": false, "date_joined": "2026-02-19T10:41:55.238Z", "groups": [], "user_permissions": []}}, {"model": "accounts.customuser", "fields": {"password": "pbkdf2_sha256$1000000$f1mSaMLfaFcA7DawIQI0hv$HFSrOofn8L+4yQFrZe9MNQS6R+7YymSsVtJTqrB+BQw=", "last_login": null, "is_superuser": false, "email": "sandra.palma@torneo.test", "nombre": "Sandra", "apellido": "Palma", "numero_telefono": "1122334455", "imagen": "", "verification_code": null, "is_verified": false, "division": 8, "genero": "MASCULINO", "tipo_usuario": "PLAYER", "organizacion": null, "is_active": true, "is_staff": false, "date_joined": "2026-02-19T10:42:00.433Z", "groups": [], "user_permissions": []}}, {"model": "accounts.customuser", "fields": {"password": "pbkdf2_sha256$1000000$q1LUCvpQQnIVsCinige6kg$LjEBevHtNVHdFZi1GkuV2PdXHkvRqRFzGB9Lv0yUjAQ=", "last_login": null, "is_superuser": false, "email": "belen.ventura@torneo.test", "nombre": "Belen", "apellido": "Ventura", "numero_telefono": "1122334455", "imagen": "", "verification_code": null, "is_verified": false, "division": 8, "genero": "MASCULINO", "tipo_usuario": "PLAYER", "organizacion": null, "is_active": true, "is_staff": false, "date_joined": "2026-02-19T10:42:05.447Z", "groups": [], "user_permissions": []}}, {"model": "accounts.customuser", "fields": {"password": "pbkdf2_sha256$1000000$XH29B9xVi9TVA0hHXyq5wv$sftpAEWkwNE8ygZ+5Ic6aIl/LFemmDG3v0936DwmY+0=", "last_login": "2026-02-22T18:49:32.850Z", "is_superuser": false, "email": "maxisanchez87@hotmail.com", "nombre": "Maximiliano", "apellido": "Sanchez", "numero_telefono": "2236337881", "imagen": "", "verification_code": null, "is_verified": true, "division": 3, "genero": "MASCULINO", "tipo_usuario": "ORGANIZER", "organizacion": 3, "is_active": true, "is_staff": true, "date_joined": "2026-02-19T18:54:56Z", "groups": [], "user_permissions": []}}, {"model": "accounts.customuser", "fields": {"password": "pbkdf2_sha256$1000000$iTuJGVaKeCWMSB56Qabzni$FXoMwI0pCI6sgC4VXTGbMZBDNsvmP5s7ZaRtxDnjTcw=", "last_login": "2026-02-20T01:38:07.296Z", "is_superuser": false, "email": "leandro.buccellaaa@gmail.com", "nombre": "Leandro", "apellido": "Buccella", "numero_telefono": "2235937115", "imagen": "", "verification_code": null, "is_verified": true, "division": 3, "genero": "MASCULINO", "tipo_usuario": "ORGANIZER", "organizacion": 3, "is_active": true, "is_staff": true, "date_joined": "2026-02-19T18:56:50Z", "groups": [], "user_permissions": []}}, {"model": "accounts.customuser", "fields": {"password": "pbkdf2_sha256$1000000$SaxBLXenfGDIk4WNZVASYZ$OnFvEX1abDNuyOjZ1wQlRW6OEknRmVfn8dQvDCN/XMU=", "last_login": null, "is_superuser": false, "email": "juan@yopmail.com", "nombre": "juan", "apellido": "juan", "numero_telefono": "123456789", "imagen": "", "verification_code": "620454", "is_verified": false, "division": 6, "genero": "MASCULINO", "tipo_usuario": "PLAYER", "organizacion": null, "is_active": true, "is_staff": false, "date_joined": "2026-02-20T22:19:58.134Z", "groups": [], "user_permissions": []}}, {"model": "accounts.customuser", "fields": {"password": "pbkdf2_sha256$1000000$RNcV6AIb9L44ReCcCeGITP$ZlbgW002MHbbQwBqll2msO4xUbl3dcQH6LR+f5XrMgo=", "last_login": "2026-02-20T23:21:50.296Z", "is_superuser": false, "email": "pedro@yopmail.com", "nombre": "pedro", "apellido": "pedro", "numero_telefono": "123456789", "imagen": "", "verification_code": null, "is_verified": true, "division": 1, "genero": "MASCULINO", "tipo_usuario": "PLAYER", "organizacion": null, "is_active": true, "is_staff": false, "date_joined": "2026-02-20T22:33:49.440Z", "groups": [], "user_permissions": []}}, {"model": "accounts.customuser", "fields": {"password": "pbkdf2_sha256$1000000$obDFJTr8jmqfSr3CKv56a0$AhGjsFLizBOP+PNN3bS3PJUWOwj0jakSyCDP8TlxL9A=", "last_login": "2026-02-21T01:55:31.293Z", "is_superuser": false, "email": "luisdesrets@hotmail.com", "nombre": "Luis", "apellido": "Desrets", "numero_telefono": "2234499437", "imagen": "perfiles/IMG_5002_scm1pm", "verification_code": null, "is_verified": true, "division": 6, "genero": "MASCULINO", "tipo_usuario": "PLAYER", "organizacion": null, "is_active": true, "is_staff": false, "date_joined": "2026-02-21T01:54:19.247Z", "groups": [], "user_permissions": []}}, {"model": "accounts.customuser", "fields": {"password": "pbkdf2_sha256$1000000$RwFFHnVklvd3Jcvh8lKya7$sITl0B2XdQhkLpKDOQ62DTqO2Hl2PB23C5AJZqZ6Oh8=", "last_login": "2026-02-21T13:32:15.065Z", "is_superuser": false, "email": "e_desancio@hotmail.com", "nombre": "Emiliano", "apellido": "Desancio", "numero_telefono": "5492235493137", "imagen": "", "verification_code": null, "is_verified": true, "division": 7, "genero": "MASCULINO", "tipo_usuario": "PLAYER", "organizacion": null, "is_active": true, "is_staff": false, "date_joined": "2026-02-21T13:30:48.141Z", "groups": [], "user_permissions": []}}, {"model": "accounts.customuser", "fields": {"password": "pbkdf2_sha256$1000000$phS54OJoMWIoHt4JvEeqJu$ezkkXnl3eJuvMpz3P/0EVEr92MUDOTEUtAy971JpQqc=", "last_login": "2026-02-21T17:34:02.627Z", "is_superuser": false, "email": "sergiomsuarez77@gmail.com", "nombre": "Sergio", "apellido": "Suarez", "numero_telefono": "2235418679", "imagen": "", "verification_code": null, "is_verified": true, "division": 7, "genero": "MASCULINO", "tipo_usuario": "PLAYER", "organizacion": null, "is_active": true, "is_staff": false, "date_joined": "2026-02-21T17:33:24.437Z", "groups": [], "user_permissions": []}}, {"model": "accounts.customuser", "fields": {"password": "pbkdf2_sha256$1000000$a6c1dbICtSggbSxKUlDqPb$vjrm092AchDFTgPf7rfHFCHozCsOk1perA+cqvPeqLI=", "last_login": "2026-02-21T18:46:31.939Z", "is_superuser": false, "email": "carla_torres18@hotmail.com", "nombre": "Carla", "apellido": "Torres", "numero_telefono": "02235058525", "imagen": "", "verification_code": null, "is_verified": true, "division": 7, "genero": "FEMENINO", "tipo_usuario": "PLAYER", "organizacion": null, "is_active": true, "is_staff": false, "date_joined": "2026-02-21T18:44:45.433Z", "groups": [], "user_permissions": []}}, {"model": "accounts.organizacion", "pk": 3, "fields": {"nombre": "AprendePadelMDQ", "alias": "AprendePadelMDQ", "descripcion": "Realizamos Torneos Mensuales de Categoría Damas y Caballeros\r\nPara tomar clases o inscripciones de torneo: 223-6337881 o 223-5937115", "direccion": "Av. Constitución 7147, Caisamar, B7605EZI Mar del Plata, Provincia de Buenos Aires", "latitud": null, "longitud": null, "logo": "organizadores/logos/WhatsApp_Image_2026-02-18_at_12.37.30_PM_vgjboq"}}, {"model": "accounts.sponsor", "pk": 1, "fields": {"organizacion": null, "nombre": "HOPS", "imagen": "sponsors/WhatsApp_Image_2026-02-18_at_12.37.30_PM_1_rejx7v", "link": "https://www.instagram.com/hops.galeria/", "orden": 0}}, {"model": "accounts.sponsor", "pk": 2, "fields": {"organizacion": 3, "nombre": "HOPS", "imagen": "sponsors/WhatsApp_Image_2026-02-18_at_12.37.30_PM_1_p9hhdr", "link": "https://www.instagram.com/hops.galeria/", "orden": 0}}, {"model": "accounts.sponsor", "pk": 3, "fields": {"organizacion": 3, "nombre": "Villa Alumine", "imagen": "sponsors/WhatsApp_Image_2026-02-18_at_12.37.30_PM_2_nsqyrr", "link": "https://www.instagram.com/villaalumine/?hl=es", "orden": 0}}, {"model": "accounts.sponsor", "pk": 4, "fields": {"organizacion": 3, "nombre": "aaa", "imagen": "sponsors/Diseño_sin_título_1_uxbt1f", "link": "https://todopadel.club/", "orden": 0}}, {"model": "accounts.sponsor", "pk": 7, "fields": {"organizacion": 3, "nombre": "PLAYTIME", "imagen": "sponsors/Diseño_sin_título_5_zkdikv", "link": "https://www.instagram.com/playtime_mdq/?hl=es", "orden": 0}}, {"model": "accounts.sponsor", "pk": 8, "fields": {"organizacion": 3, "nombre": "ALCA MATES", "imagen": "sponsors/7d6e971d-156f-4f30-9c4e-80efe406672b_qjuy2e", "link": "https://www.instagram.com/alcamates/", "orden": 0}}, {"model": "equipos.equipo", "pk": 107, "fields": {"nombre": "Mendoza/Pianzola", "jugador1": ["gabriel.pianzola@torneo.test"], "jugador2": ["gustavo.mendoza@torneo.test"], "division": 8, "fecha_creacion": "2026-02-17T20:44:26.539Z", "categoria": "M", "es_dummy": false}}, {"model": "equipos.equipo", "pk": 108, "fields": {"nombre": "Delage/Galmes", "jugador1": ["pedro.galmes@torneo.test"], "jugador2": ["gaston.delage@torneo.test"], "division": 8, "fecha_creacion": "2026-02-17T20:44:42.980Z", "categoria": "M", "es_dummy": false}}, {"model": "equipos.equipo", "pk": 109, "fields": {"nombre": "Carlos/Sare", "jugador1": ["fran_mdq@live.com.ar"], "jugador2": ["diego.carlos@torneo.test"], "division": 8, "fecha_creacion": "2026-02-17T20:44:59.341Z", "categoria": "M", "es_dummy": false}}, {"model": "equipos.equipo", "pk": 110, "fields": {"nombre": "Rivas/Villanueva", "jugador1": ["sebastian.villanueva@torneo.test"], "jugador2": ["ricardo.rivas@torneo.test"], "division": 8, "fecha_creacion": "2026-02-17T20:45:15.830Z", "categoria": "M", "es_dummy": false}}, {"model": "equipos.equipo", "pk": 111, "fields": {"nombre": "Conti/Lazarte", "jugador1": ["braian.lazarte@torneo.test"], "jugador2": ["ezequiel.conti@torneo.test"], "division": 8, "fecha_creacion": "2026-02-17T20:45:32.184Z", "categoria": "M", "es_dummy": false}}, {"model": "equipos.equipo", "pk": 112, "fields": {"nombre": "Demstchenko/Gomez", "jugador1": ["inmo@outlook.com.ar"], "jugador2": ["jmdmanu@hotmail.com"], "division": 8, "fecha_creacion": "2026-02-17T20:45:48.611Z", "categoria": "M", "es_dummy": false}}, {"model": "equipos.equipo", "pk": 113, "fields": {"nombre": "Amas/Monasterolo", "jugador1": ["nicolasmonasterolo18@gmail.com"], "jugador2": ["mateorodriguezamas@gmail.com"], "division": 8, "fecha_creacion": "2026-02-17T20:46:05.030Z", "categoria": "M", "es_dummy": false}}, {"model": "equipos.equipo", "pk": 114, "fields": {"nombre": "Firpo/Scarafia", "jugador1": ["emiliano.scarafia@torneo.test"], "jugador2": ["nicolas.firpo@torneo.test"], "division": 8, "fecha_creacion": "2026-02-17T20:46:21.359Z", "categoria": "M", "es_dummy": false}}, {"model": "equipos.equipo", "pk": 115, "fields": {"nombre": "Kloster/Mansilla", "jugador1": ["mansilla.jesus@torneo.test"], "jugador2": ["kloster.martin@torneo.test"], "division": 8, "fecha_creacion": "2026-02-17T20:46:37.700Z", "categoria": "M", "es_dummy": false}}, {"model": "equipos.equipo", "pk": 116, "fields": {"nombre": "Busalmen/Moreiro", "jugador1": ["juan.busalmen@torneo.test"], "jugador2": ["julibietti@gmail.com"], "division": 8, "fecha_creacion": "2026-02-17T20:46:54.087Z", "categoria": "M", "es_dummy": false}}, {"model": "equipos.equipo", "pk": 117, "fields": {"nombre": "Alonso/Fusaro", "jugador1": ["salgadojuan120@gmail.com"], "jugador2": ["fotografiaalonso@gmail.com"], "division": 8, "fecha_creacion": "2026-02-17T20:47:10.475Z", "categoria": "M", "es_dummy": false}}, {"model": "equipos.equipo", "pk": 118, "fields": {"nombre": "Pagliere/Pérez", "jugador1": ["rocio.pagliere@torneo.test"], "jugador2": ["paoo19772012@gmail.com"], "division": 8, "fecha_creacion": "2026-02-17T20:47:26.847Z", "categoria": "M", "es_dummy": false}}, {"model": "equipos.equipo", "pk": 119, "fields": {"nombre": "Alvarez/Molina", "jugador1": ["patricio.alvarez@torneo.test"], "jugador2": ["elias.molina@torneo.test"], "division": 8, "fecha_creacion": "2026-02-17T20:47:43.547Z", "categoria": "M", "es_dummy": false}}, {"model": "equipos.equipo", "pk": 120, "fields": {"nombre": "Esteban/Esteban", "jugador1": ["fabian.esteban@torneo.test"], "jugador2": ["diego.esteban@torneo.test"], "division": 8, "fecha_creacion": "2026-02-17T20:47:59.635Z", "categoria": "M", "es_dummy": false}}, {"model": "equipos.equipo", "pk": 121, "fields": {"nombre": "Bravo/Verriello", "jugador1": ["sebastian.verriello@torneo.test"], "jugador2": ["juancruzbravo97@gmail.com"], "division": 7, "fecha_creacion": "2026-02-17T20:48:16.137Z", "categoria": "M", "es_dummy": false}}, {"model": "equipos.equipo", "pk": 122, "fields": {"nombre": "González/Lezcano", "jugador1": ["juancruz.gonzalez@torneo.test"], "jugador2": ["agustin.lezcano@torneo.test"], "division": 7, "fecha_creacion": "2026-02-17T20:48:32.438Z", "categoria": "M", "es_dummy": false}}, {"model": "equipos.equipo", "pk": 123, "fields": {"nombre": "Gorosito/Sala", "jugador1": ["francisco.sala@torneo.test"], "jugador2": ["mario.gorosito@torneo.test"], "division": 7, "fecha_creacion": "2026-02-17T20:48:48.926Z", "categoria": "M", "es_dummy": false}}, {"model": "equipos.equipo", "pk": 124, "fields": {"nombre": "Alonso/Tesoriere", "jugador1": ["gabriela.tesoriere@torneo.test"], "jugador2": ["jeremias.alonso@torneo.test"], "division": 7, "fecha_creacion": "2026-02-17T20:49:05.218Z", "categoria": "M", "es_dummy": false}}, {"model": "equipos.equipo", "pk": 125, "fields": {"nombre": "Cabito/Loyza", "jugador1": ["axel.cabito@torneo.test"], "jugador2": ["ezequiel.loyza@torneo.test"], "division": 7, "fecha_creacion": "2026-02-17T20:49:21.594Z", "categoria": "M", "es_dummy": false}}, {"model": "equipos.equipo", "pk": 126, "fields": {"nombre": "Cabito/Cabito", "jugador1": ["claudiocabito89@gmail.com"], "jugador2": ["dylan.cabito@torneo.test"], "division": 7, "fecha_creacion": "2026-02-17T20:49:37.948Z", "categoria": "M", "es_dummy": false}}, {"model": "equipos.equipo", "pk": 127, "fields": {"nombre": "Saldias/Saldias", "jugador1": ["tomas.saldias@torneo.test"], "jugador2": ["joel.saldias@torneo.test"], "division": 7, "fecha_creacion": "2026-02-17T20:49:54.286Z", "categoria": "M", "es_dummy": false}}, {"model": "equipos.equipo", "pk": 128, "fields": {"nombre": "Mancinelli/Mancinelli", "jugador1": ["hernan.mancinelli@torneo.test"], "jugador2": ["tomas.mancinelli@torneo.test"], "division": 7, "fecha_creacion": "2026-02-17T20:50:10.727Z", "categoria": "M", "es_dummy": false}}, {"model": "equipos.equipo", "pk": 129, "fields": {"nombre": "Iazurlo/Moreno", "jugador1": ["mauro.moreno@torneo.test"], "jugador2": ["iazurlo.carlos@torneo.test"], "division": 7, "fecha_creacion": "2026-02-17T20:50:27.647Z", "categoria": "M", "es_dummy": false}}, {"model": "equipos.equipo", "pk": 130, "fields": {"nombre": "Pampin/Principi", "jugador1": ["mariano.pampin@torneo.test"], "jugador2": ["federico.principi@torneo.test"], "division": 7, "fecha_creacion": "2026-02-17T20:50:44.042Z", "categoria": "M", "es_dummy": false}}, {"model": "equipos.equipo", "pk": 131, "fields": {"nombre": "Eyrea/Maggio", "jugador1": ["maximiliano.maggio@torneo.test"], "jugador2": ["juan.eyrea@torneo.test"], "division": 7, "fecha_creacion": "2026-02-17T20:51:00.428Z", "categoria": "M", "es_dummy": false}}, {"model": "equipos.equipo", "pk": 132, "fields": {"nombre": "Almandoz/Pesaresi", "jugador1": ["juan.almandoz@torneo.test"], "jugador2": ["claudio.pesaresi@torneo.test"], "division": 7, "fecha_creacion": "2026-02-17T20:51:16.787Z", "categoria": "M", "es_dummy": false}}, {"model": "equipos.equipo", "pk": 133, "fields": {"nombre": "Mastrovito/Oteiza", "jugador1": ["andres.oteiza@torneo.test"], "jugador2": ["nicolasmastrovito@torneo.test"], "division": 7, "fecha_creacion": "2026-02-17T20:51:33.214Z", "categoria": "M", "es_dummy": false}}, {"model": "equipos.equipo", "pk": 134, "fields": {"nombre": "Conde/Lias", "jugador1": ["gestolias1@gmail.com"], "jugador2": ["sergio.conde@torneo.test"], "division": 7, "fecha_creacion": "2026-02-17T20:51:49.657Z", "categoria": "M", "es_dummy": false}}, {"model": "equipos.equipo", "pk": 135, "fields": {"nombre": "Berdun/Berdun", "jugador1": ["manuel.berdun@torneo.test"], "jugador2": ["mauricio.berdun@torneo.test"], "division": 7, "fecha_creacion": "2026-02-17T20:52:06.059Z", "categoria": "M", "es_dummy": false}}, {"model": "equipos.equipo", "pk": 136, "fields": {"nombre": "Martos/Vazquez", "jugador1": ["vazquezfranco418@gmail.com"], "jugador2": ["juan.martos@torneo.test"], "division": 7, "fecha_creacion": "2026-02-17T20:52:22.449Z", "categoria": "M", "es_dummy": false}}, {"model": "equipos.equipo", "pk": 137, "fields": {"nombre": "Barros/Barros", "jugador1": ["johannabarros92@gmail.com"], "jugador2": ["alicia.barros@torneo.test"], "division": 7, "fecha_creacion": "2026-02-17T20:52:39.029Z", "categoria": "F", "es_dummy": false}}, {"model": "equipos.equipo", "pk": 138, "fields": {"nombre": "Incaurgarat/Vicente", "jugador1": ["flor.incaurgarat@gmail.com"], "jugador2": ["0valenvicente6@gmail.com"], "division": 7, "fecha_creacion": "2026-02-17T20:52:55.295Z", "categoria": "F", "es_dummy": false}}, {"model": "equipos.equipo", "pk": 139, "fields": {"nombre": "Favia/Iriarte", "jugador1": ["gisele.favia@torneo.test"], "jugador2": ["camilia.iriarte@torneo.test"], "division": 7, "fecha_creacion": "2026-02-17T20:53:11.724Z", "categoria": "F", "es_dummy": false}}, {"model": "equipos.equipo", "pk": 140, "fields": {"nombre": "Ledesma/Palavecino", "jugador1": ["ledesmasol395@gmail.com"], "jugador2": ["lara.palavecino@torneo.test"], "division": 7, "fecha_creacion": "2026-02-17T20:53:28.133Z", "categoria": "F", "es_dummy": false}}, {"model": "equipos.equipo", "pk": 141, "fields": {"nombre": "Marino/Sendon", "jugador1": ["lindagmarino91@gmail.com"], "jugador2": ["soledad.sendon@torneo.test"], "division": 7, "fecha_creacion": "2026-02-17T20:53:44.511Z", "categoria": "F", "es_dummy": false}}, {"model": "equipos.equipo", "pk": 142, "fields": {"nombre": "Martinez/Martinez", "jugador1": ["elizabeth.martinez@torneo.test"], "jugador2": ["carola.martinez@torneo.test"], "division": 7, "fecha_creacion": "2026-02-17T20:54:00.907Z", "categoria": "F", "es_dummy": false}}, {"model": "equipos.equipo", "pk": 143, "fields": {"nombre": "Bosco/Ramundo", "jugador1": ["bosco.paula@torneo.test"], "jugador2": ["ramundo.eugenia@torneo.test"], "division": 7, "fecha_creacion": "2026-02-17T20:54:17.253Z", "categoria": "F", "es_dummy": false}}, {"model": "equipos.equipo", "pk": 144, "fields": {"nombre": "Atila/Ruiz", "jugador1": ["camila.ruiz@torneo.test"], "jugador2": ["camila.atila@torneo.test"], "division": 7, "fecha_creacion": "2026-02-17T20:54:33.596Z", "categoria": "F", "es_dummy": false}}, {"model": "equipos.equipo", "pk": 145, "fields": {"nombre": "Badia/Rivas", "jugador1": ["eugenia.badia@torneo.test"], "jugador2": ["cecilia.rivas@torneo.test"], "division": 7, "fecha_creacion": "2026-02-17T20:54:50.002Z", "categoria": "F", "es_dummy": false}}, {"model": "equipos.equipo", "pk": 146, "fields": {"nombre": "Todaro/Villalba", "jugador1": ["todaro.laura@torneo.test"], "jugador2": ["villalba.belen@torneo.test"], "division": 7, "fecha_creacion": "2026-02-17T20:55:06.351Z", "categoria": "F", "es_dummy": false}}, {"model": "equipos.equipo", "pk": 150, "fields": {"nombre": "Pareja Libre 1", "jugador1": null, "jugador2": null, "division": 2, "fecha_creacion": "2026-02-18T20:00:52.770Z", "categoria": "X", "es_dummy": true}}, {"model": "equipos.equipo", "pk": 151, "fields": {"nombre": "Pareja Libre 2", "jugador1": null, "jugador2": null, "division": 2, "fecha_creacion": "2026-02-18T20:01:03.223Z", "categoria": "X", "es_dummy": true}}, {"model": "equipos.equipo", "pk": 152, "fields": {"nombre": "Pareja Libre 3", "jugador1": null, "jugador2": null, "division": 2, "fecha_creacion": "2026-02-18T20:01:04.697Z", "categoria": "X", "es_dummy": true}}, {"model": "equipos.equipo", "pk": 153, "fields": {"nombre": "Pareja Libre 4", "jugador1": null, "jugador2": null, "division": 2, "fecha_creacion": "2026-02-18T20:01:06.000Z", "categoria": "X", "es_dummy": true}}, {"model": "equipos.equipo", "pk": 154, "fields": {"nombre": "Pareja Libre 5", "jugador1": null, "jugador2": null, "division": 2, "fecha_creacion": "2026-02-18T20:01:07.246Z", "categoria": "X", "es_dummy": true}}, {"model": "equipos.equipo", "pk": 155, "fields": {"nombre": "Pareja Libre 6", "jugador1": null, "jugador2": null, "division": 2, "fecha_creacion": "2026-02-18T20:01:11.895Z", "categoria": "X", "es_dummy": true}}, {"model": "equipos.equipo", "pk": 156, "fields": {"nombre": "Pareja Libre 7", "jugador1": null, "jugador2": null, "division": null, "fecha_creacion": "2026-02-18T22:33:17.982Z", "categoria": "X", "es_dummy": true}}, {"model": "equipos.equipo", "pk": 157, "fields": {"nombre": "aaa", "jugador1": null, "jugador2": null, "division": null, "fecha_creacion": "2026-02-18T22:33:21.515Z", "categoria": "X", "es_dummy": true}}, {"model": "equipos.equipo", "pk": 158, "fields": {"nombre": "Pareja Libre 9", "jugador1": null, "jugador2": null, "division": null, "fecha_creacion": "2026-02-18T22:33:23.102Z", "categoria": "X", "es_dummy": true}}, {"model": "equipos.equipo", "pk": 159, "fields": {"nombre": "Pareja Libre 10", "jugador1": null, "jugador2": null, "division": null, "fecha_creacion": "2026-02-18T22:33:24.484Z", "categoria": "X", "es_dummy": true}}, {"model": "equipos.equipo", "pk": 160, "fields": {"nombre": "Pareja Libre 11", "jugador1": null, "jugador2": null, "division": null, "fecha_creacion": "2026-02-18T22:33:30.394Z", "categoria": "X", "es_dummy": true}}, {"model": "equipos.equipo", "pk": 161, "fields": {"nombre": "Pareja Libre 12", "jugador1": null, "jugador2": null, "division": null, "fecha_creacion": "2026-02-18T22:33:32.280Z", "categoria": "X", "es_dummy": true}}, {"model": "equipos.equipo", "pk": 162, "fields": {"nombre": "Pareja Libre 13", "jugador1": null, "jugador2": null, "division": null, "fecha_creacion": "2026-02-19T00:19:54.859Z", "categoria": "X", "es_dummy": true}}, {"model": "equipos.equipo", "pk": 163, "fields": {"nombre": "Belino/Perez", "jugador1": ["gonzalo.belino@torneo.test"], "jugador2": ["manuel.perez@torneo.test"], "division": 8, "fecha_creacion": "2026-02-19T10:03:31.087Z", "categoria": "M", "es_dummy": false}}, {"model": "equipos.equipo", "pk": 164, "fields": {"nombre": "Cervatte/Woldosko", "jugador1": ["jcervatte@gmail.com"], "jugador2": ["santiago.woldosko@torneo.test"], "division": 7, "fecha_creacion": "2026-02-19T10:43:19.417Z", "categoria": "M", "es_dummy": false}}, {"model": "equipos.equipo", "pk": 165, "fields": {"nombre": "Garcia/Gomez", "jugador1": ["busquet@torneo.test"], "jugador2": ["reina@torneo.test"], "division": 7, "fecha_creacion": "2026-02-19T10:43:35.983Z", "categoria": "M", "es_dummy": false}}, {"model": "equipos.equipo", "pk": 166, "fields": {"nombre": "Gorrasi/Ruiz", "jugador1": ["daniel.ruiz@torneo.test"], "jugador2": ["manuel.gorrasi@torneo.test"], "division": 7, "fecha_creacion": "2026-02-19T10:43:52.497Z", "categoria": "M", "es_dummy": false}}, {"model": "equipos.equipo", "pk": 167, "fields": {"nombre": "Merlo/Solari", "jugador1": ["candela.solari@torneo.test"], "jugador2": ["micaela.merlo@torneo.test"], "division": 8, "fecha_creacion": "2026-02-19T10:44:09.056Z", "categoria": "F", "es_dummy": false}}, {"model": "equipos.equipo", "pk": 168, "fields": {"nombre": "Palma/Ventura", "jugador1": ["sandra.palma@torneo.test"], "jugador2": ["belen.ventura@torneo.test"], "division": 8, "fecha_creacion": "2026-02-19T10:44:25.561Z", "categoria": "F", "es_dummy": false}}, {"model": "equipos.equipo", "pk": 170, "fields": {"nombre": "Busquet/Reina", "jugador1": null, "jugador2": null, "division": 7, "fecha_creacion": "2026-02-21T23:44:56.719Z", "categoria": "M", "es_dummy": true}}, {"model": "torneos.torneo", "pk": 26, "fields": {"nombre": "8VA Caballeros", "division": 8, "fecha_inicio": "2026-02-21", "fecha_limite_inscripcion": "2026-02-20T21:00:00Z", "cupos_totales": 16, "equipos_por_grupo": 3, "forzar_grupos_de_3": true, "estado": "EJ", "tipo_torneo": "G", "categoria": "M", "ganador_del_torneo": null, "foto_campeones": "", "organizacion": 3}}, {"model": "torneos.torneo", "pk": 27, "fields": {"nombre": "8VA Damas", "division": 8, "fecha_inicio": "2026-02-21", "fecha_limite_inscripcion": "2026-02-20T21:00:00Z", "cupos_totales": 16, "equipos_por_grupo": 3, "forzar_grupos_de_3": true, "estado": "FN", "tipo_torneo": "G", "categoria": "F", "ganador_del_torneo": 145, "foto_campeones": "torneos/campeones/WhatsApp_Image_2026-02-22_at_9.15.17_PM_yxlieo", "organizacion": 3}}, {"model": "torneos.torneo", "pk": 28, "fields": {"nombre": "7MA Caballeros", "division": 7, "fecha_inicio": "2026-02-21", "fecha_limite_inscripcion": "2026-02-21T21:00:00Z", "cupos_totales": 16, "equipos_por_grupo": 3, "forzar_grupos_de_3": true, "estado": "FN", "tipo_torneo": "G", "categoria": "M", "ganador_del_torneo": 133, "foto_campeones": "", "organizacion": 3}}, {"model": "torneos.inscripcion", "pk": 161, "fields": {"equipo": 109, "torneo": 26, "fecha_inscripcion": "2026-02-19T10:29:12.538Z"}}, {"model": "torneos.inscripcion", "pk": 162, "fields": {"equipo": 107, "torneo": 26, "fecha_inscripcion": "2026-02-19T10:29:14.983Z"}}, {"model": "torneos.inscripcion", "pk": 163, "fields": {"equipo": 110, "torneo": 26, "fecha_inscripcion": "2026-02-19T10:29:17.213Z"}}, {"model": "torneos.inscripcion", "pk": 164, "fields": {"equipo": 119, "torneo": 26, "fecha_inscripcion": "2026-02-19T10:29:19.439Z"}}, {"model": "torneos.inscripcion", "pk": 165, "fields": {"equipo": 113, "torneo": 26, "fecha_inscripcion": "2026-02-19T10:29:21.905Z"}}, {"model": "torneos.inscripcion", "pk": 166, "fields": {"equipo": 117, "torneo": 26, "fecha_inscripcion": "2026-02-19T10:29:24.323Z"}}, {"model": "torneos.inscripcion", "pk": 167, "fields": {"equipo": 118, "torneo": 26, "fecha_inscripcion": "2026-02-19T10:29:26.538Z"}}, {"model": "torneos.inscripcion", "pk": 168, "fields": {"equipo": 115, "torneo": 26, "fecha_inscripcion": "2026-02-19T10:29:29.033Z"}}, {"model": "torneos.inscripcion", "pk": 169, "fields": {"equipo": 120, "torneo": 26, "fecha_inscripcion": "2026-02-19T10:29:31.609Z"}}, {"model": "torneos.inscripcion", "pk": 170, "fields": {"equipo": 108, "torneo": 26, "fecha_inscripcion": "2026-02-19T10:29:34.055Z"}}, {"model": "torneos.inscripcion", "pk": 171, "fields": {"equipo": 111, "torneo": 26, "fecha_inscripcion": "2026-02-19T10:29:36.478Z"}}, {"model": "torneos.inscripcion", "pk": 172, "fields": {"equipo": 116, "torneo": 26, "fecha_inscripcion": "2026-02-19T10:29:38.728Z"}}, {"model": "torneos.inscripcion", "pk": 173, "fields": {"equipo": 114, "torneo": 26, "fecha_inscripcion": "2026-02-19T10:29:41.154Z"}}, {"model": "torneos.inscripcion", "pk": 174, "fields": {"equipo": 112, "torneo": 26, "fecha_inscripcion": "2026-02-19T10:29:43.637Z"}}, {"model": "torneos.inscripcion", "pk": 175, "fields": {"equipo": 163, "torneo": 26, "fecha_inscripcion": "2026-02-19T10:30:24.271Z"}}, {"model": "torneos.inscripcion", "pk": 176, "fields": {"equipo": 145, "torneo": 27, "fecha_inscripcion": "2026-02-19T10:47:10.897Z"}}, {"model": "torneos.inscripcion", "pk": 177, "fields": {"equipo": 142, "torneo": 27, "fecha_inscripcion": "2026-02-19T10:47:13.335Z"}}, {"model": "torneos.inscripcion", "pk": 178, "fields": {"equipo": 141, "torneo": 27, "fecha_inscripcion": "2026-02-19T10:47:15.849Z"}}, {"model": "torneos.inscripcion", "pk": 179, "fields": {"equipo": 143, "torneo": 27, "fecha_inscripcion": "2026-02-19T10:47:18.279Z"}}, {"model": "torneos.inscripcion", "pk": 180, "fields": {"equipo": 138, "torneo": 27, "fecha_inscripcion": "2026-02-19T10:47:21.194Z"}}, {"model": "torneos.inscripcion", "pk": 181, "fields": {"equipo": 137, "torneo": 27, "fecha_inscripcion": "2026-02-19T10:47:23.745Z"}}, {"model": "torneos.inscripcion", "pk": 182, "fields": {"equipo": 140, "torneo": 27, "fecha_inscripcion": "2026-02-19T10:47:26.123Z"}}, {"model": "torneos.inscripcion", "pk": 183, "fields": {"equipo": 144, "torneo": 27, "fecha_inscripcion": "2026-02-19T10:47:28.665Z"}}, {"model": "torneos.inscripcion", "pk": 184, "fields": {"equipo": 167, "torneo": 27, "fecha_inscripcion": "2026-02-19T10:47:46.234Z"}}, {"model": "torneos.inscripcion", "pk": 185, "fields": {"equipo": 139, "torneo": 27, "fecha_inscripcion": "2026-02-19T10:49:24.643Z"}}, {"model": "torneos.inscripcion", "pk": 186, "fields": {"equipo": 146, "torneo": 27, "fecha_inscripcion": "2026-02-19T10:49:27.297Z"}}, {"model": "torneos.inscripcion", "pk": 187, "fields": {"equipo": 168, "torneo": 27, "fecha_inscripcion": "2026-02-19T10:49:29.758Z"}}, {"model": "torneos.inscripcion", "pk": 188, "fields": {"equipo": 131, "torneo": 28, "fecha_inscripcion": "2026-02-19T10:50:15.269Z"}}, {"model": "torneos.inscripcion", "pk": 189, "fields": {"equipo": 133, "torneo": 28, "fecha_inscripcion": "2026-02-19T10:50:18.057Z"}}, {"model": "torneos.inscripcion", "pk": 190, "fields": {"equipo": 124, "torneo": 28, "fecha_inscripcion": "2026-02-19T10:50:20.498Z"}}, {"model": "torneos.inscripcion", "pk": 191, "fields": {"equipo": 164, "torneo": 28, "fecha_inscripcion": "2026-02-19T10:50:22.836Z"}}, {"model": "torneos.inscripcion", "pk": 192, "fields": {"equipo": 121, "torneo": 28, "fecha_inscripcion": "2026-02-19T10:50:25.477Z"}}, {"model": "torneos.inscripcion", "pk": 193, "fields": {"equipo": 129, "torneo": 28, "fecha_inscripcion": "2026-02-19T10:50:28.049Z"}}, {"model": "torneos.inscripcion", "pk": 194, "fields": {"equipo": 136, "torneo": 28, "fecha_inscripcion": "2026-02-19T10:50:30.762Z"}}, {"model": "torneos.inscripcion", "pk": 195, "fields": {"equipo": 130, "torneo": 28, "fecha_inscripcion": "2026-02-19T10:50:33.317Z"}}, {"model": "torneos.inscripcion", "pk": 196, "fields": {"equipo": 132, "torneo": 28, "fecha_inscripcion": "2026-02-19T10:50:35.966Z"}}, {"model": "torneos.inscripcion", "pk": 197, "fields": {"equipo": 122, "torneo": 28, "fecha_inscripcion": "2026-02-19T10:50:38.540Z"}}, {"model": "torneos.inscripcion", "pk": 198, "fields": {"equipo": 135, "torneo": 28, "fecha_inscripcion": "2026-02-19T10:50:41.278Z"}}, {"model": "torneos.inscripcion", "pk": 199, "fields": {"equipo": 123, "torneo": 28, "fecha_inscripcion": "2026-02-19T10:50:43.971Z"}}, {"model": "torneos.inscripcion", "pk": 200, "fields": {"equipo": 125, "torneo": 28, "fecha_inscripcion": "2026-02-19T10:50:46.511Z"}}, {"model": "torneos.inscripcion", "pk": 201, "fields": {"equipo": 128, "torneo": 28, "fecha_inscripcion": "2026-02-19T10:50:49.168Z"}}, {"model": "torneos.inscripcion", "pk": 203, "fields": {"equipo": 134, "torneo": 28, "fecha_inscripcion": "2026-02-19T10:53:12.062Z"}}, {"model": "torneos.inscripcion", "pk": 204, "fields": {"equipo": 126, "torneo": 28, "fecha_inscripcion": "2026-02-19T10:53:14.608Z"}}, {"model": "torneos.inscripcion", "pk": 205, "fields": {"equipo": 166, "torneo": 28, "fecha_inscripcion": "2026-02-19T10:54:37.793Z"}}, {"model": "torneos.inscripcion", "pk": 206, "fields": {"equipo": 170, "torneo": 28, "fecha_inscripcion": "2026-02-21T23:44:56.752Z"}}, {"model": "torneos.grupo", "pk": 43, "fields": {"torneo": 27, "nombre": "Zona A", "fecha_inicio_default": "2026-02-21"}}, {"model": "torneos.grupo", "pk": 44, "fields": {"torneo": 27, "nombre": "Zona B", "fecha_inicio_default": "2026-02-21"}}, {"model": "torneos.grupo", "pk": 45, "fields": {"torneo": 27, "nombre": "Zona C", "fecha_inicio_default": "2026-02-21"}}, {"model": "torneos.grupo", "pk": 46, "fields": {"torneo": 27, "nombre": "Zona D", "fecha_inicio_default": "2026-02-21"}}, {"model": "torneos.grupo", "pk": 47, "fields": {"torneo": 26, "nombre": "Zona A", "fecha_inicio_default": null}}, {"model": "torneos.grupo", "pk": 48, "fields": {"torneo": 26, "nombre": "Zona B", "fecha_inicio_default": null}}, {"model": "torneos.grupo", "pk": 49, "fields": {"torneo": 26, "nombre": "Zona C", "fecha_inicio_default": "2026-02-21"}}, {"model": "torneos.grupo", "pk": 50, "fields": {"torneo": 26, "nombre": "Zona D", "fecha_inicio_default": "2026-02-21"}}, {"model": "torneos.grupo", "pk": 51, "fields": {"torneo": 26, "nombre": "Zona E", "fecha_inicio_default": "2026-02-21"}}, {"model": "torneos.grupo", "pk": 52, "fields": {"torneo": 28, "nombre": "Zona A", "fecha_inicio_default": null}}, {"model": "torneos.grupo", "pk": 53, "fields": {"torneo": 28, "nombre": "Zona B", "fecha_inicio_default": "2026-02-21"}}, {"model": "torneos.grupo", "pk": 54, "fields": {"torneo": 28, "nombre": "Zona C", "fecha_inicio_default": "2026-02-21"}}, {"model": "torneos.grupo", "pk": 55, "fields": {"torneo": 28, "nombre": "Zona D", "fecha_inicio_default": "2026-02-21"}}, {"model": "torneos.grupo", "pk": 56, "fields": {"torneo": 28, "nombre": "Zona E", "fecha_inicio_default": "2026-02-21"}}, {"model": "torneos.grupo", "pk": 57, "fields": {"torneo": 28, "nombre": "Zona F", "fecha_inicio_default": "2026-02-21"}}, {"model": "torneos.equipogrupo", "pk": 120, "fields": {"grupo": 43, "equipo": 145, "numero": 1, "partidos_jugados": 2, "partidos_ganados": 2, "partidos_perdidos": 0, "sets_a_favor": 4, "sets_en_contra": 1, "games_a_favor": 28, "games_en_contra": 15}}, {"model": "torneos.equipogrupo", "pk": 121, "fields": {"grupo": 43, "equipo": 141, "numero": 2, "partidos_jugados": 2, "partidos_ganados": 0, "partidos_perdidos": 2, "sets_a_favor": 0, "sets_en_contra": 4, "games_a_favor": 7, "games_en_contra": 24}}, {"model": "torneos.equipogrupo", "pk": 122, "fields": {"grupo": 43, "equipo": 142, "numero": 3, "partidos_jugados": 2, "partidos_ganados": 1, "partidos_perdidos": 1, "sets_a_favor": 3, "sets_en_contra": 2, "games_a_favor": 23, "games_en_contra": 19}}, {"model": "torneos.equipogrupo", "pk": 123, "fields": {"grupo": 44, "equipo": 137, "numero": 1, "partidos_jugados": 2, "partidos_ganados": 0, "partidos_perdidos": 2, "sets_a_favor": 0, "sets_en_contra": 4, "games_a_favor": 8, "games_en_contra": 25}}, {"model": "torneos.equipogrupo", "pk": 124, "fields": {"grupo": 44, "equipo": 143, "numero": 2, "partidos_jugados": 2, "partidos_ganados": 1, "partidos_perdidos": 1, "sets_a_favor": 2, "sets_en_contra": 2, "games_a_favor": 21, "games_en_contra": 20}}, {"model": "torneos.equipogrupo", "pk": 125, "fields": {"grupo": 44, "equipo": 138, "numero": 3, "partidos_jugados": 2, "partidos_ganados": 2, "partidos_perdidos": 0, "sets_a_favor": 4, "sets_en_contra": 0, "games_a_favor": 24, "games_en_contra": 8}}, {"model": "torneos.equipogrupo", "pk": 126, "fields": {"grupo": 45, "equipo": 167, "numero": 1, "partidos_jugados": 2, "partidos_ganados": 0, "partidos_perdidos": 2, "sets_a_favor": 0, "sets_en_contra": 4, "games_a_favor": 0, "games_en_contra": 24}}, {"model": "torneos.equipogrupo", "pk": 127, "fields": {"grupo": 45, "equipo": 140, "numero": 2, "partidos_jugados": 2, "partidos_ganados": 1, "partidos_perdidos": 1, "sets_a_favor": 2, "sets_en_contra": 2, "games_a_favor": 15, "games_en_contra": 12}}, {"model": "torneos.equipogrupo", "pk": 128, "fields": {"grupo": 45, "equipo": 144, "numero": 3, "partidos_jugados": 2, "partidos_ganados": 2, "partidos_perdidos": 0, "sets_a_favor": 4, "sets_en_contra": 0, "games_a_favor": 24, "games_en_contra": 3}}, {"model": "torneos.equipogrupo", "pk": 129, "fields": {"grupo": 46, "equipo": 168, "numero": 1, "partidos_jugados": 2, "partidos_ganados": 0, "partidos_perdidos": 2, "sets_a_favor": 0, "sets_en_contra": 4, "games_a_favor": 0, "games_en_contra": 24}}, {"model": "torneos.equipogrupo", "pk": 130, "fields": {"grupo": 46, "equipo": 139, "numero": 2, "partidos_jugados": 2, "partidos_ganados": 1, "partidos_perdidos": 1, "sets_a_favor": 2, "sets_en_contra": 2, "games_a_favor": 16, "games_en_contra": 12}}, {"model": "torneos.equipogrupo", "pk": 131, "fields": {"grupo": 46, "equipo": 146, "numero": 3, "partidos_jugados": 2, "partidos_ganados": 2, "partidos_perdidos": 0, "sets_a_favor": 4, "sets_en_contra": 0, "games_a_favor": 24, "games_en_contra": 4}}, {"model": "torneos.equipogrupo", "pk": 132, "fields": {"grupo": 47, "equipo": 110, "numero": 1, "partidos_jugados": 2, "partidos_ganados": 0, "partidos_perdidos": 2, "sets_a_favor": 0, "sets_en_contra": 4, "games_a_favor": 8, "games_en_contra": 24}}, {"model": "torneos.equipogrupo", "pk": 133, "fields": {"grupo": 47, "equipo": 109, "numero": 2, "partidos_jugados": 2, "partidos_ganados": 1, "partidos_perdidos": 1, "sets_a_favor": 3, "sets_en_contra": 2, "games_a_favor": 21, "games_en_contra": 20}}, {"model": "torneos.equipogrupo", "pk": 134, "fields": {"grupo": 47, "equipo": 107, "numero": 3, "partidos_jugados": 2, "partidos_ganados": 2, "partidos_perdidos": 0, "sets_a_favor": 4, "sets_en_contra": 1, "games_a_favor": 25, "games_en_contra": 10}}, {"model": "torneos.equipogrupo", "pk": 135, "fields": {"grupo": 48, "equipo": 119, "numero": 1, "partidos_jugados": 2, "partidos_ganados": 0, "partidos_perdidos": 2, "sets_a_favor": 1, "sets_en_contra": 4, "games_a_favor": 13, "games_en_contra": 27}}, {"model": "torneos.equipogrupo", "pk": 136, "fields": {"grupo": 48, "equipo": 113, "numero": 2, "partidos_jugados": 2, "partidos_ganados": 1, "partidos_perdidos": 1, "sets_a_favor": 2, "sets_en_contra": 3, "games_a_favor": 27, "games_en_contra": 24}}, {"model": "torneos.equipogrupo", "pk": 137, "fields": {"grupo": 48, "equipo": 117, "numero": 3, "partidos_jugados": 2, "partidos_ganados": 2, "partidos_perdidos": 0, "sets_a_favor": 4, "sets_en_contra": 0, "games_a_favor": 26, "games_en_contra": 15}}, {"model": "torneos.equipogrupo", "pk": 138, "fields": {"grupo": 49, "equipo": 115, "numero": 1, "partidos_jugados": 2, "partidos_ganados": 2, "partidos_perdidos": 0, "sets_a_favor": 4, "sets_en_contra": 1, "games_a_favor": 28, "games_en_contra": 16}}, {"model": "torneos.equipogrupo", "pk": 139, "fields": {"grupo": 49, "equipo": 120, "numero": 2, "partidos_jugados": 2, "partidos_ganados": 0, "partidos_perdidos": 2, "sets_a_favor": 1, "sets_en_contra": 4, "games_a_favor": 14, "games_en_contra": 28}}, {"model": "torneos.equipogrupo", "pk": 140, "fields": {"grupo": 49, "equipo": 118, "numero": 3, "partidos_jugados": 2, "partidos_ganados": 1, "partidos_perdidos": 1, "sets_a_favor": 2, "sets_en_contra": 2, "games_a_favor": 18, "games_en_contra": 16}}, {"model": "torneos.equipogrupo", "pk": 141, "fields": {"grupo": 50, "equipo": 111, "numero": 1, "partidos_jugados": 2, "partidos_ganados": 1, "partidos_perdidos": 1, "sets_a_favor": 2, "sets_en_contra": 2, "games_a_favor": 15, "games_en_contra": 15}}, {"model": "torneos.equipogrupo", "pk": 142, "fields": {"grupo": 50, "equipo": 108, "numero": 2, "partidos_jugados": 2, "partidos_ganados": 0, "partidos_perdidos": 2, "sets_a_favor": 0, "sets_en_contra": 4, "games_a_favor": 4, "games_en_contra": 24}}, {"model": "torneos.equipogrupo", "pk": 143, "fields": {"grupo": 50, "equipo": 116, "numero": 3, "partidos_jugados": 2, "partidos_ganados": 2, "partidos_perdidos": 0, "sets_a_favor": 4, "sets_en_contra": 0, "games_a_favor": 24, "games_en_contra": 4}}, {"model": "torneos.equipogrupo", "pk": 144, "fields": {"grupo": 51, "equipo": 163, "numero": 1, "partidos_jugados": 2, "partidos_ganados": 0, "partidos_perdidos": 2, "sets_a_favor": 0, "sets_en_contra": 4, "games_a_favor": 0, "games_en_contra": 24}}, {"model": "torneos.equipogrupo", "pk": 145, "fields": {"grupo": 51, "equipo": 114, "numero": 2, "partidos_jugados": 2, "partidos_ganados": 1, "partidos_perdidos": 1, "sets_a_favor": 2, "sets_en_contra": 2, "games_a_favor": 18, "games_en_contra": 12}}, {"model": "torneos.equipogrupo", "pk": 146, "fields": {"grupo": 51, "equipo": 112, "numero": 3, "partidos_jugados": 2, "partidos_ganados": 2, "partidos_perdidos": 0, "sets_a_favor": 4, "sets_en_contra": 0, "games_a_favor": 24, "games_en_contra": 6}}, {"model": "torneos.equipogrupo", "pk": 147, "fields": {"grupo": 52, "equipo": 131, "numero": 1, "partidos_jugados": 2, "partidos_ganados": 0, "partidos_perdidos": 2, "sets_a_favor": 0, "sets_en_contra": 4, "games_a_favor": 2, "games_en_contra": 24}}, {"model": "torneos.equipogrupo", "pk": 148, "fields": {"grupo": 52, "equipo": 124, "numero": 2, "partidos_jugados": 2, "partidos_ganados": 1, "partidos_perdidos": 1, "sets_a_favor": 2, "sets_en_contra": 2, "games_a_favor": 19, "games_en_contra": 15}}, {"model": "torneos.equipogrupo", "pk": 149, "fields": {"grupo": 52, "equipo": 133, "numero": 3, "partidos_jugados": 2, "partidos_ganados": 2, "partidos_perdidos": 0, "sets_a_favor": 4, "sets_en_contra": 0, "games_a_favor": 25, "games_en_contra": 7}}, {"model": "torneos.equipogrupo", "pk": 150, "fields": {"grupo": 53, "equipo": 164, "numero": 1, "partidos_jugados": 2, "partidos_ganados": 1, "partidos_perdidos": 1, "sets_a_favor": 3, "sets_en_contra": 2, "games_a_favor": 26, "games_en_contra": 19}}, {"model": "torneos.equipogrupo", "pk": 151, "fields": {"grupo": 53, "equipo": 129, "numero": 2, "partidos_jugados": 2, "partidos_ganados": 1, "partidos_perdidos": 1, "sets_a_favor": 2, "sets_en_contra": 3, "games_a_favor": 17, "games_en_contra": 26}}, {"model": "torneos.equipogrupo", "pk": 152, "fields": {"grupo": 53, "equipo": 121, "numero": 3, "partidos_jugados": 2, "partidos_ganados": 1, "partidos_perdidos": 1, "sets_a_favor": 2, "sets_en_contra": 2, "games_a_favor": 17, "games_en_contra": 15}}, {"model": "torneos.equipogrupo", "pk": 153, "fields": {"grupo": 54, "equipo": 130, "numero": 1, "partidos_jugados": 2, "partidos_ganados": 1, "partidos_perdidos": 1, "sets_a_favor": 2, "sets_en_contra": 2, "games_a_favor": 21, "games_en_contra": 22}}, {"model": "torneos.equipogrupo", "pk": 154, "fields": {"grupo": 54, "equipo": 132, "numero": 2, "partidos_jugados": 2, "partidos_ganados": 0, "partidos_perdidos": 2, "sets_a_favor": 0, "sets_en_contra": 4, "games_a_favor": 17, "games_en_contra": 26}}, {"model": "torneos.equipogrupo", "pk": 155, "fields": {"grupo": 54, "equipo": 136, "numero": 3, "partidos_jugados": 2, "partidos_ganados": 2, "partidos_perdidos": 0, "sets_a_favor": 4, "sets_en_contra": 0, "games_a_favor": 26, "games_en_contra": 16}}, {"model": "torneos.equipogrupo", "pk": 156, "fields": {"grupo": 55, "equipo": 123, "numero": 1, "partidos_jugados": 2, "partidos_ganados": 0, "partidos_perdidos": 2, "sets_a_favor": 2, "sets_en_contra": 4, "games_a_favor": 32, "games_en_contra": 34}}, {"model": "torneos.equipogrupo", "pk": 157, "fields": {"grupo": 55, "equipo": 122, "numero": 2, "partidos_jugados": 2, "partidos_ganados": 2, "partidos_perdidos": 0, "sets_a_favor": 4, "sets_en_contra": 1, "games_a_favor": 32, "games_en_contra": 27}}, {"model": "torneos.equipogrupo", "pk": 158, "fields": {"grupo": 55, "equipo": 135, "numero": 3, "partidos_jugados": 2, "partidos_ganados": 1, "partidos_perdidos": 1, "sets_a_favor": 2, "sets_en_contra": 3, "games_a_favor": 28, "games_en_contra": 31}}, {"model": "torneos.equipogrupo", "pk": 159, "fields": {"grupo": 56, "equipo": 125, "numero": 1, "partidos_jugados": 2, "partidos_ganados": 1, "partidos_perdidos": 1, "sets_a_favor": 3, "sets_en_contra": 2, "games_a_favor": 25, "games_en_contra": 20}}, {"model": "torneos.equipogrupo", "pk": 160, "fields": {"grupo": 56, "equipo": 170, "numero": 2, "partidos_jugados": 2, "partidos_ganados": 2, "partidos_perdidos": 0, "sets_a_favor": 4, "sets_en_contra": 1, "games_a_favor": 27, "games_en_contra": 17}}, {"model": "torneos.equipogrupo", "pk": 161, "fields": {"grupo": 56, "equipo": 128, "numero": 3, "partidos_jugados": 2, "partidos_ganados": 0, "partidos_perdidos": 2, "sets_a_favor": 0, "sets_en_contra": 4, "games_a_favor": 9, "games_en_contra": 24}}, {"model": "torneos.equipogrupo", "pk": 162, "fields": {"grupo": 57, "equipo": 126, "numero": 1, "partidos_jugados": 2, "partidos_ganados": 2, "partidos_perdidos": 0, "sets_a_favor": 4, "sets_en_contra": 0, "games_a_favor": 24, "games_en_contra": 2}}, {"model": "torneos.equipogrupo", "pk": 163, "fields": {"grupo": 57, "equipo": 134, "numero": 2, "partidos_jugados": 2, "partidos_ganados": 1, "partidos_perdidos": 1, "sets_a_favor": 2, "sets_en_contra": 2, "games_a_favor": 14, "games_en_contra": 12}}, {"model": "torneos.equipogrupo", "pk": 164, "fields": {"grupo": 57, "equipo": 166, "numero": 3, "partidos_jugados": 2, "partidos_ganados": 0, "partidos_perdidos": 2, "sets_a_favor": 0, "sets_en_contra": 4, "games_a_favor": 0, "games_en_contra": 24}}, {"model": "torneos.partidogrupo", "pk": 123, "fields": {"grupo": 43, "equipo1": 145, "equipo2": 141, "e1_set1": 6, "e2_set1": 0, "e1_set2": 6, "e2_set2": 4, "e1_set3": null, "e2_set3": null, "fecha_hora": "2026-02-21T12:00:00Z", "ganador": 145, "e1_sets_ganados": 2, "e2_sets_ganados": 0, "e1_games_ganados": 12, "e2_games_ganados": 4}}, {"model": "torneos.partidogrupo", "pk": 124, "fields": {"grupo": 43, "equipo1": 145, "equipo2": 142, "e1_set1": 4, "e2_set1": 6, "e1_set2": 6, "e2_set2": 4, "e1_set3": 6, "e2_set3": 1, "fecha_hora": "2026-02-21T09:30:00Z", "ganador": 145, "e1_sets_ganados": 2, "e2_sets_ganados": 1, "e1_games_ganados": 16, "e2_games_ganados": 11}}, {"model": "torneos.partidogrupo", "pk": 125, "fields": {"grupo": 43, "equipo1": 141, "equipo2": 142, "e1_set1": 2, "e2_set1": 6, "e1_set2": 1, "e2_set2": 6, "e1_set3": null, "e2_set3": null, "fecha_hora": "2026-02-21T08:00:00Z", "ganador": 142, "e1_sets_ganados": 0, "e2_sets_ganados": 2, "e1_games_ganados": 3, "e2_games_ganados": 12}}, {"model": "torneos.partidogrupo", "pk": 126, "fields": {"grupo": 44, "equipo1": 137, "equipo2": 143, "e1_set1": 3, "e2_set1": 6, "e1_set2": 5, "e2_set2": 7, "e1_set3": null, "e2_set3": null, "fecha_hora": "2026-02-21T15:00:00Z", "ganador": 143, "e1_sets_ganados": 0, "e2_sets_ganados": 2, "e1_games_ganados": 8, "e2_games_ganados": 13}}, {"model": "torneos.partidogrupo", "pk": 127, "fields": {"grupo": 44, "equipo1": 137, "equipo2": 138, "e1_set1": 0, "e2_set1": 6, "e1_set2": 0, "e2_set2": 6, "e1_set3": null, "e2_set3": null, "fecha_hora": "2026-02-21T18:00:00Z", "ganador": 138, "e1_sets_ganados": 0, "e2_sets_ganados": 2, "e1_games_ganados": 0, "e2_games_ganados": 12}}, {"model": "torneos.partidogrupo", "pk": 128, "fields": {"grupo": 44, "equipo1": 143, "equipo2": 138, "e1_set1": 4, "e2_set1": 6, "e1_set2": 4, "e2_set2": 6, "e1_set3": null, "e2_set3": null, "fecha_hora": "2026-02-21T13:00:00Z", "ganador": 138, "e1_sets_ganados": 0, "e2_sets_ganados": 2, "e1_games_ganados": 8, "e2_games_ganados": 12}}, {"model": "torneos.partidogrupo", "pk": 129, "fields": {"grupo": 45, "equipo1": 167, "equipo2": 140, "e1_set1": 0, "e2_set1": 6, "e1_set2": 0, "e2_set2": 6, "e1_set3": null, "e2_set3": null, "fecha_hora": "2026-02-21T18:00:00Z", "ganador": 140, "e1_sets_ganados": 0, "e2_sets_ganados": 2, "e1_games_ganados": 0, "e2_games_ganados": 12}}, {"model": "torneos.partidogrupo", "pk": 130, "fields": {"grupo": 45, "equipo1": 167, "equipo2": 144, "e1_set1": 0, "e2_set1": 6, "e1_set2": 0, "e2_set2": 6, "e1_set3": null, "e2_set3": null, "fecha_hora": "2026-02-21T21:00:00Z", "ganador": 144, "e1_sets_ganados": 0, "e2_sets_ganados": 2, "e1_games_ganados": 0, "e2_games_ganados": 12}}, {"model": "torneos.partidogrupo", "pk": 131, "fields": {"grupo": 45, "equipo1": 140, "equipo2": 144, "e1_set1": 2, "e2_set1": 6, "e1_set2": 1, "e2_set2": 6, "e1_set3": null, "e2_set3": null, "fecha_hora": "2026-02-21T16:00:00Z", "ganador": 144, "e1_sets_ganados": 0, "e2_sets_ganados": 2, "e1_games_ganados": 3, "e2_games_ganados": 12}}, {"model": "torneos.partidogrupo", "pk": 132, "fields": {"grupo": 46, "equipo1": 168, "equipo2": 139, "e1_set1": 0, "e2_set1": 6, "e1_set2": 0, "e2_set2": 6, "e1_set3": null, "e2_set3": null, "fecha_hora": "2026-02-21T20:00:00Z", "ganador": 139, "e1_sets_ganados": 0, "e2_sets_ganados": 2, "e1_games_ganados": 0, "e2_games_ganados": 12}}, {"model": "torneos.partidogrupo", "pk": 133, "fields": {"grupo": 46, "equipo1": 168, "equipo2": 146, "e1_set1": 0, "e2_set1": 6, "e1_set2": 0, "e2_set2": 6, "e1_set3": null, "e2_set3": null, "fecha_hora": "2026-02-21T16:00:00Z", "ganador": 146, "e1_sets_ganados": 0, "e2_sets_ganados": 2, "e1_games_ganados": 0, "e2_games_ganados": 12}}, {"model": "torneos.partidogrupo", "pk": 134, "fields": {"grupo": 46, "equipo1": 139, "equipo2": 146, "e1_set1": 3, "e2_set1": 6, "e1_set2": 1, "e2_set2": 6, "e1_set3": null, "e2_set3": null, "fecha_hora": "2026-02-21T18:00:00Z", "ganador": 146, "e1_sets_ganados": 0, "e2_sets_ganados": 2, "e1_games_ganados": 4, "e2_games_ganados": 12}}, {"model": "torneos.partidogrupo", "pk": 135, "fields": {"grupo": 47, "equipo1": 110, "equipo2": 109, "e1_set1": 4, "e2_set1": 6, "e1_set2": 3, "e2_set2": 6, "e1_set3": null, "e2_set3": null, "fecha_hora": "2026-02-21T10:00:00Z", "ganador": 109, "e1_sets_ganados": 0, "e2_sets_ganados": 2, "e1_games_ganados": 7, "e2_games_ganados": 12}}, {"model": "torneos.partidogrupo", "pk": 136, "fields": {"grupo": 47, "equipo1": 110, "equipo2": 107, "e1_set1": 0, "e2_set1": 6, "e1_set2": 1, "e2_set2": 6, "e1_set3": null, "e2_set3": null, "fecha_hora": "2026-02-21T12:00:00Z", "ganador": 107, "e1_sets_ganados": 0, "e2_sets_ganados": 2, "e1_games_ganados": 1, "e2_games_ganados": 12}}, {"model": "torneos.partidogrupo", "pk": 137, "fields": {"grupo": 47, "equipo1": 109, "equipo2": 107, "e1_set1": 6, "e2_set1": 1, "e1_set2": 3, "e2_set2": 6, "e1_set3": 0, "e2_set3": 6, "fecha_hora": "2026-02-21T08:00:00Z", "ganador": 107, "e1_sets_ganados": 1, "e2_sets_ganados": 2, "e1_games_ganados": 9, "e2_games_ganados": 13}}, {"model": "torneos.partidogrupo", "pk": 138, "fields": {"grupo": 48, "equipo1": 119, "equipo2": 113, "e1_set1": 6, "e2_set1": 3, "e1_set2": 2, "e2_set2": 6, "e1_set3": 2, "e2_set3": 6, "fecha_hora": "2026-02-21T15:00:00Z", "ganador": 113, "e1_sets_ganados": 1, "e2_sets_ganados": 2, "e1_games_ganados": 10, "e2_games_ganados": 15}}, {"model": "torneos.partidogrupo", "pk": 139, "fields": {"grupo": 48, "equipo1": 119, "equipo2": 117, "e1_set1": 1, "e2_set1": 6, "e1_set2": 2, "e2_set2": 6, "e1_set3": null, "e2_set3": null, "fecha_hora": "2026-02-21T17:00:00Z", "ganador": 117, "e1_sets_ganados": 0, "e2_sets_ganados": 2, "e1_games_ganados": 3, "e2_games_ganados": 12}}, {"model": "torneos.partidogrupo", "pk": 140, "fields": {"grupo": 48, "equipo1": 113, "equipo2": 117, "e1_set1": 6, "e2_set1": 7, "e1_set2": 6, "e2_set2": 7, "e1_set3": null, "e2_set3": null, "fecha_hora": "2026-02-21T20:00:00Z", "ganador": 117, "e1_sets_ganados": 0, "e2_sets_ganados": 2, "e1_games_ganados": 12, "e2_games_ganados": 14}}, {"model": "torneos.partidogrupo", "pk": 141, "fields": {"grupo": 49, "equipo1": 115, "equipo2": 120, "e1_set1": 6, "e2_set1": 3, "e1_set2": 4, "e2_set2": 6, "e1_set3": 6, "e2_set3": 1, "fecha_hora": "2026-02-21T17:00:00Z", "ganador": 115, "e1_sets_ganados": 2, "e2_sets_ganados": 1, "e1_games_ganados": 16, "e2_games_ganados": 10}}, {"model": "torneos.partidogrupo", "pk": 142, "fields": {"grupo": 49, "equipo1": 115, "equipo2": 118, "e1_set1": 6, "e2_set1": 2, "e1_set2": 6, "e2_set2": 4, "e1_set3": null, "e2_set3": null, "fecha_hora": "2026-02-21T12:00:00Z", "ganador": 115, "e1_sets_ganados": 2, "e2_sets_ganados": 0, "e1_games_ganados": 12, "e2_games_ganados": 6}}, {"model": "torneos.partidogrupo", "pk": 143, "fields": {"grupo": 49, "equipo1": 120, "equipo2": 118, "e1_set1": 2, "e2_set1": 6, "e1_set2": 2, "e2_set2": 6, "e1_set3": null, "e2_set3": null, "fecha_hora": "2026-02-21T14:00:00Z", "ganador": 118, "e1_sets_ganados": 0, "e2_sets_ganados": 2, "e1_games_ganados": 4, "e2_games_ganados": 12}}, {"model": "torneos.partidogrupo", "pk": 144, "fields": {"grupo": 50, "equipo1": 111, "equipo2": 108, "e1_set1": 6, "e2_set1": 2, "e1_set2": 6, "e2_set2": 1, "e1_set3": null, "e2_set3": null, "fecha_hora": "2026-02-21T14:30:00Z", "ganador": 111, "e1_sets_ganados": 2, "e2_sets_ganados": 0, "e1_games_ganados": 12, "e2_games_ganados": 3}}, {"model": "torneos.partidogrupo", "pk": 145, "fields": {"grupo": 50, "equipo1": 111, "equipo2": 116, "e1_set1": 2, "e2_set1": 6, "e1_set2": 1, "e2_set2": 6, "e1_set3": null, "e2_set3": null, "fecha_hora": "2026-02-21T19:00:00Z", "ganador": 116, "e1_sets_ganados": 0, "e2_sets_ganados": 2, "e1_games_ganados": 3, "e2_games_ganados": 12}}, {"model": "torneos.partidogrupo", "pk": 146, "fields": {"grupo": 50, "equipo1": 108, "equipo2": 116, "e1_set1": 1, "e2_set1": 6, "e1_set2": 0, "e2_set2": 6, "e1_set3": null, "e2_set3": null, "fecha_hora": "2026-02-21T17:00:00Z", "ganador": 116, "e1_sets_ganados": 0, "e2_sets_ganados": 2, "e1_games_ganados": 1, "e2_games_ganados": 12}}, {"model": "torneos.partidogrupo", "pk": 147, "fields": {"grupo": 51, "equipo1": 163, "equipo2": 114, "e1_set1": 0, "e2_set1": 6, "e1_set2": 0, "e2_set2": 6, "e1_set3": null, "e2_set3": null, "fecha_hora": "2026-02-21T18:00:00Z", "ganador": 114, "e1_sets_ganados": 0, "e2_sets_ganados": 2, "e1_games_ganados": 0, "e2_games_ganados": 12}}, {"model": "torneos.partidogrupo", "pk": 148, "fields": {"grupo": 51, "equipo1": 163, "equipo2": 112, "e1_set1": 0, "e2_set1": 6, "e1_set2": 0, "e2_set2": 6, "e1_set3": null, "e2_set3": null, "fecha_hora": "2026-02-21T14:00:00Z", "ganador": 112, "e1_sets_ganados": 0, "e2_sets_ganados": 2, "e1_games_ganados": 0, "e2_games_ganados": 12}}, {"model": "torneos.partidogrupo", "pk": 149, "fields": {"grupo": 51, "equipo1": 114, "equipo2": 112, "e1_set1": 3, "e2_set1": 6, "e1_set2": 3, "e2_set2": 6, "e1_set3": null, "e2_set3": null, "fecha_hora": "2026-02-21T10:00:00Z", "ganador": 112, "e1_sets_ganados": 0, "e2_sets_ganados": 2, "e1_games_ganados": 6, "e2_games_ganados": 12}}, {"model": "torneos.partidogrupo", "pk": 150, "fields": {"grupo": 52, "equipo1": 131, "equipo2": 124, "e1_set1": 0, "e2_set1": 6, "e1_set2": 2, "e2_set2": 6, "e1_set3": null, "e2_set3": null, "fecha_hora": "2025-02-21T11:00:00Z", "ganador": 124, "e1_sets_ganados": 0, "e2_sets_ganados": 2, "e1_games_ganados": 2, "e2_games_ganados": 12}}, {"model": "torneos.partidogrupo", "pk": 151, "fields": {"grupo": 52, "equipo1": 131, "equipo2": 133, "e1_set1": 0, "e2_set1": 6, "e1_set2": 0, "e2_set2": 6, "e1_set3": null, "e2_set3": null, "fecha_hora": "2026-02-21T09:00:00Z", "ganador": 133, "e1_sets_ganados": 0, "e2_sets_ganados": 2, "e1_games_ganados": 0, "e2_games_ganados": 12}}, {"model": "torneos.partidogrupo", "pk": 152, "fields": {"grupo": 52, "equipo1": 124, "equipo2": 133, "e1_set1": 1, "e2_set1": 6, "e1_set2": 6, "e2_set2": 7, "e1_set3": null, "e2_set3": null, "fecha_hora": "2026-02-21T14:00:00Z", "ganador": 133, "e1_sets_ganados": 0, "e2_sets_ganados": 2, "e1_games_ganados": 7, "e2_games_ganados": 13}}, {"model": "torneos.partidogrupo", "pk": 153, "fields": {"grupo": 53, "equipo1": 164, "equipo2": 129, "e1_set1": 4, "e2_set1": 6, "e1_set2": 6, "e2_set2": 2, "e1_set3": 4, "e2_set3": 6, "fecha_hora": "2026-02-21T18:00:00Z", "ganador": 129, "e1_sets_ganados": 1, "e2_sets_ganados": 2, "e1_games_ganados": 14, "e2_games_ganados": 14}}, {"model": "torneos.partidogrupo", "pk": 154, "fields": {"grupo": 53, "equipo1": 164, "equipo2": 121, "e1_set1": 6, "e2_set1": 3, "e1_set2": 6, "e2_set2": 2, "e1_set3": null, "e2_set3": null, "fecha_hora": "2025-02-21T15:30:00Z", "ganador": 164, "e1_sets_ganados": 2, "e2_sets_ganados": 0, "e1_games_ganados": 12, "e2_games_ganados": 5}}, {"model": "torneos.partidogrupo", "pk": 155, "fields": {"grupo": 53, "equipo1": 129, "equipo2": 121, "e1_set1": 1, "e2_set1": 6, "e1_set2": 2, "e2_set2": 6, "e1_set3": null, "e2_set3": null, "fecha_hora": "2026-02-21T20:00:00Z", "ganador": 121, "e1_sets_ganados": 0, "e2_sets_ganados": 2, "e1_games_ganados": 3, "e2_games_ganados": 12}}, {"model": "torneos.partidogrupo", "pk": 156, "fields": {"grupo": 54, "equipo1": 130, "equipo2": 132, "e1_set1": 6, "e2_set1": 3, "e1_set2": 7, "e2_set2": 6, "e1_set3": null, "e2_set3": null, "fecha_hora": "2026-02-21T13:00:00Z", "ganador": 130, "e1_sets_ganados": 2, "e2_sets_ganados": 0, "e1_games_ganados": 13, "e2_games_ganados": 9}}, {"model": "torneos.partidogrupo", "pk": 157, "fields": {"grupo": 54, "equipo1": 130, "equipo2": 136, "e1_set1": 3, "e2_set1": 6, "e1_set2": 5, "e2_set2": 7, "e1_set3": null, "e2_set3": null, "fecha_hora": "2026-02-21T11:00:00Z", "ganador": 136, "e1_sets_ganados": 0, "e2_sets_ganados": 2, "e1_games_ganados": 8, "e2_games_ganados": 13}}, {"model": "torneos.partidogrupo", "pk": 158, "fields": {"grupo": 54, "equipo1": 132, "equipo2": 136, "e1_set1": 2, "e2_set1": 6, "e1_set2": 6, "e2_set2": 7, "e1_set3": null, "e2_set3": null, "fecha_hora": "2026-02-21T08:00:00Z", "ganador": 136, "e1_sets_ganados": 0, "e2_sets_ganados": 2, "e1_games_ganados": 8, "e2_games_ganados": 13}}, {"model": "torneos.partidogrupo", "pk": 159, "fields": {"grupo": 55, "equipo1": 123, "equipo2": 122, "e1_set1": 7, "e2_set1": 5, "e1_set2": 2, "e2_set2": 6, "e1_set3": 6, "e2_set3": 7, "fecha_hora": "2026-02-21T20:30:00Z", "ganador": 122, "e1_sets_ganados": 1, "e2_sets_ganados": 2, "e1_games_ganados": 15, "e2_games_ganados": 18}}, {"model": "torneos.partidogrupo", "pk": 160, "fields": {"grupo": 55, "equipo1": 123, "equipo2": 135, "e1_set1": 6, "e2_set1": 7, "e1_set2": 6, "e2_set2": 2, "e1_set3": 5, "e2_set3": 7, "fecha_hora": "2026-02-21T19:00:00Z", "ganador": 135, "e1_sets_ganados": 1, "e2_sets_ganados": 2, "e1_games_ganados": 17, "e2_games_ganados": 16}}, {"model": "torneos.partidogrupo", "pk": 161, "fields": {"grupo": 55, "equipo1": 122, "equipo2": 135, "e1_set1": 7, "e2_set1": 6, "e1_set2": 7, "e2_set2": 6, "e1_set3": null, "e2_set3": null, "fecha_hora": "2026-02-21T10:30:00Z", "ganador": 122, "e1_sets_ganados": 2, "e2_sets_ganados": 0, "e1_games_ganados": 14, "e2_games_ganados": 12}}, {"model": "torneos.partidogrupo", "pk": 162, "fields": {"grupo": 56, "equipo1": 125, "equipo2": 170, "e1_set1": 6, "e2_set1": 2, "e1_set2": 6, "e2_set2": 7, "e1_set3": 1, "e2_set3": 6, "fecha_hora": "2026-02-21T19:30:00Z", "ganador": 170, "e1_sets_ganados": 1, "e2_sets_ganados": 2, "e1_games_ganados": 13, "e2_games_ganados": 15}}, {"model": "torneos.partidogrupo", "pk": 163, "fields": {"grupo": 56, "equipo1": 125, "equipo2": 128, "e1_set1": 6, "e2_set1": 3, "e1_set2": 6, "e2_set2": 2, "e1_set3": null, "e2_set3": null, "fecha_hora": "2026-02-21T16:00:00Z", "ganador": 125, "e1_sets_ganados": 2, "e2_sets_ganados": 0, "e1_games_ganados": 12, "e2_games_ganados": 5}}, {"model": "torneos.partidogrupo", "pk": 164, "fields": {"grupo": 56, "equipo1": 170, "equipo2": 128, "e1_set1": 6, "e2_set1": 1, "e1_set2": 6, "e2_set2": 3, "e1_set3": null, "e2_set3": null, "fecha_hora": "2026-02-21T21:00:00Z", "ganador": 170, "e1_sets_ganados": 2, "e2_sets_ganados": 0, "e1_games_ganados": 12, "e2_games_ganados": 4}}, {"model": "torneos.partidogrupo", "pk": 165, "fields": {"grupo": 57, "equipo1": 126, "equipo2": 134, "e1_set1": 6, "e2_set1": 2, "e1_set2": 6, "e2_set2": 0, "e1_set3": null, "e2_set3": null, "fecha_hora": "2026-02-21T09:00:00Z", "ganador": 126, "e1_sets_ganados": 2, "e2_sets_ganados": 0, "e1_games_ganados": 12, "e2_games_ganados": 2}}, {"model": "torneos.partidogrupo", "pk": 166, "fields": {"grupo": 57, "equipo1": 126, "equipo2": 166, "e1_set1": 6, "e2_set1": 0, "e1_set2": 6, "e2_set2": 0, "e1_set3": null, "e2_set3": null, "fecha_hora": "2026-02-21T17:00:00Z", "ganador": 126, "e1_sets_ganados": 2, "e2_sets_ganados": 0, "e1_games_ganados": 12, "e2_games_ganados": 0}}, {"model": "torneos.partidogrupo", "pk": 167, "fields": {"grupo": 57, "equipo1": 134, "equipo2": 166, "e1_set1": 6, "e2_set1": 0, "e1_set2": 6, "e2_set2": 0, "e1_set3": null, "e2_set3": null, "fecha_hora": "2026-02-21T14:00:00Z", "ganador": 134, "e1_sets_ganados": 2, "e2_sets_ganados": 0, "e1_games_ganados": 12, "e2_games_ganados": 0}}, {"model": "torneos.partido", "pk": 13, "fields": {"torneo": 27, "ronda": 1, "orden_partido": 1, "equipo1": 145, "equipo2": 143, "ganador": 145, "resultado": "6-3, 6-2", "fecha_hora": "2026-02-22T11:30:00Z", "sets_local": [6, 6], "sets_visitante": [3, 2], "placeholder_e1": "1A", "placeholder_e2": "2B", "siguiente_partido": 17}}, {"model": "torneos.partido", "pk": 14, "fields": {"torneo": 27, "ronda": 1, "orden_partido": 2, "equipo1": 140, "equipo2": 146, "ganador": 146, "resultado": "5-7, 6-2, 4-6", "fecha_hora": "2026-02-22T11:30:00Z", "sets_local": [5, 6, 4], "sets_visitante": [7, 2, 6], "placeholder_e1": "2C", "placeholder_e2": "1D", "siguiente_partido": 17}}, {"model": "torneos.partido", "pk": 15, "fields": {"torneo": 27, "ronda": 1, "orden_partido": 3, "equipo1": 144, "equipo2": 139, "ganador": 144, "resultado": "6-2, 6-0", "fecha_hora": "2026-02-22T11:30:00Z", "sets_local": [6, 6], "sets_visitante": [2, 0], "placeholder_e1": "1C", "placeholder_e2": "2D", "siguiente_partido": 18}}, {"model": "torneos.partido", "pk": 16, "fields": {"torneo": 27, "ronda": 1, "orden_partido": 4, "equipo1": 142, "equipo2": 138, "ganador": 138, "resultado": "2-6, 4-6", "fecha_hora": "2026-02-22T12:30:00Z", "sets_local": [2, 4], "sets_visitante": [6, 6], "placeholder_e1": "2A", "placeholder_e2": "1B", "siguiente_partido": 18}}, {"model": "torneos.partido", "pk": 17, "fields": {"torneo": 27, "ronda": 2, "orden_partido": 1, "equipo1": 145, "equipo2": 146, "ganador": 145, "resultado": "7-5, 6-3", "fecha_hora": "2026-02-22T16:00:00Z", "sets_local": [7, 6], "sets_visitante": [5, 3], "placeholder_e1": null, "placeholder_e2": null, "siguiente_partido": 19}}, {"model": "torneos.partido", "pk": 18, "fields": {"torneo": 27, "ronda": 2, "orden_partido": 2, "equipo1": 144, "equipo2": 138, "ganador": 144, "resultado": "6-4, 6-4", "fecha_hora": "2026-02-22T16:00:00Z", "sets_local": [6, 6], "sets_visitante": [4, 4], "placeholder_e1": null, "placeholder_e2": null, "siguiente_partido": 19}}, {"model": "torneos.partido", "pk": 19, "fields": {"torneo": 27, "ronda": 3, "orden_partido": 1, "equipo1": 145, "equipo2": 144, "ganador": 145, "resultado": "6-1, 6-3", "fecha_hora": "2026-02-22T19:00:00Z", "sets_local": [6, 6], "sets_visitante": [1, 3], "placeholder_e1": null, "placeholder_e2": null, "siguiente_partido": null}}, {"model": "torneos.partido", "pk": 20, "fields": {"torneo": 26, "ronda": 1, "orden_partido": 50, "equipo1": 113, "equipo2": 118, "ganador": 113, "resultado": "6-7, 6-2, 7-6", "fecha_hora": "2026-02-22T10:00:00Z", "sets_local": [6, 6, 7], "sets_visitante": [7, 2, 6], "placeholder_e1": "2B", "placeholder_e2": "2C", "siguiente_partido": 22}}, {"model": "torneos.partido", "pk": 21, "fields": {"torneo": 26, "ronda": 1, "orden_partido": 55, "equipo1": 111, "equipo2": 109, "ganador": 109, "resultado": "1-6, 6-3, 6-7", "fecha_hora": "2026-02-22T10:00:00Z", "sets_local": [1, 6, 6], "sets_visitante": [6, 3, 7], "placeholder_e1": "2D", "placeholder_e2": "2A", "siguiente_partido": 25}}, {"model": "torneos.partido", "pk": 22, "fields": {"torneo": 26, "ronda": 2, "orden_partido": 57, "equipo1": 107, "equipo2": 113, "ganador": 107, "resultado": "6-1, 6-0", "fecha_hora": "2026-02-22T14:30:00Z", "sets_local": [6, 6], "sets_visitante": [1, 0], "placeholder_e1": "1A", "placeholder_e2": null, "siguiente_partido": 26}}, {"model": "torneos.partido", "pk": 23, "fields": {"torneo": 26, "ronda": 2, "orden_partido": 58, "equipo1": 112, "equipo2": 116, "ganador": 116, "resultado": "6-4, 2-6, 3-6", "fecha_hora": "2026-02-22T14:30:00Z", "sets_local": [6, 2, 3], "sets_visitante": [4, 6, 6], "placeholder_e1": "1E", "placeholder_e2": "1D", "siguiente_partido": 26}}, {"model": "torneos.partido", "pk": 24, "fields": {"torneo": 26, "ronda": 2, "orden_partido": 59, "equipo1": 115, "equipo2": 114, "ganador": 115, "resultado": "6-0, 6-0", "fecha_hora": "2026-02-22T14:30:00Z", "sets_local": [6, 6], "sets_visitante": [0, 0], "placeholder_e1": "1C", "placeholder_e2": "2E", "siguiente_partido": 27}}, {"model": "torneos.partido", "pk": 25, "fields": {"torneo": 26, "ronda": 2, "orden_partido": 60, "equipo1": 109, "equipo2": 117, "ganador": 109, "resultado": "6-1, 7-5", "fecha_hora": "2026-02-22T15:30:00Z", "sets_local": [6, 7], "sets_visitante": [1, 5], "placeholder_e1": null, "placeholder_e2": "1B", "siguiente_partido": 27}}, {"model": "torneos.partido", "pk": 26, "fields": {"torneo": 26, "ronda": 3, "orden_partido": 61, "equipo1": 107, "equipo2": 116, "ganador": 116, "resultado": "6-3, 4-6, 2-6", "fecha_hora": "2026-02-22T18:00:00Z", "sets_local": [6, 4, 2], "sets_visitante": [3, 6, 6], "placeholder_e1": null, "placeholder_e2": null, "siguiente_partido": 28}}, {"model": "torneos.partido", "pk": 27, "fields": {"torneo": 26, "ronda": 3, "orden_partido": 62, "equipo1": 115, "equipo2": 109, "ganador": 115, "resultado": "6-0, 6-2", "fecha_hora": "2026-02-22T18:00:00Z", "sets_local": [6, 6], "sets_visitante": [0, 2], "placeholder_e1": null, "placeholder_e2": null, "siguiente_partido": 28}}, {"model": "torneos.partido", "pk": 28, "fields": {"torneo": 26, "ronda": 4, "orden_partido": 64, "equipo1": 116, "equipo2": 115, "ganador": null, "resultado": null, "fecha_hora": "2026-02-22T21:30:00Z", "sets_local": [], "sets_visitante": [], "placeholder_e1": null, "placeholder_e2": null, "siguiente_partido": null}}, {"model": "torneos.partido", "pk": 29, "fields": {"torneo": 28, "ronda": 1, "orden_partido": 50, "equipo1": 130, "equipo2": 134, "ganador": 130, "resultado": "6-3, 6-1", "fecha_hora": "2026-02-22T09:00:00Z", "sets_local": [6, 6], "sets_visitante": [3, 1], "placeholder_e1": "2C", "placeholder_e2": "2F", "siguiente_partido": 33}}, {"model": "torneos.partido", "pk": 30, "fields": {"torneo": 28, "ronda": 1, "orden_partido": 51, "equipo1": 170, "equipo2": 121, "ganador": 170, "resultado": "7-5, 6-4", "fecha_hora": "2026-02-22T09:00:00Z", "sets_local": [7, 6], "sets_visitante": [5, 4], "placeholder_e1": "1E", "placeholder_e2": "2B", "siguiente_partido": 34}}, {"model": "torneos.partido", "pk": 31, "fields": {"torneo": 28, "ronda": 1, "orden_partido": 54, "equipo1": 124, "equipo2": 126, "ganador": 124, "resultado": "5-7, 6-2, 7-5", "fecha_hora": "2026-02-22T09:00:00Z", "sets_local": [5, 6, 7], "sets_visitante": [7, 2, 5], "placeholder_e1": "2A", "placeholder_e2": "1F", "siguiente_partido": 35}}, {"model": "torneos.partido", "pk": 32, "fields": {"torneo": 28, "ronda": 1, "orden_partido": 55, "equipo1": 125, "equipo2": 135, "ganador": 135, "resultado": "0-6, 0-6", "fecha_hora": "2026-02-22T10:00:00Z", "sets_local": [0, 0], "sets_visitante": [6, 6], "placeholder_e1": "2E", "placeholder_e2": "2D", "siguiente_partido": 36}}, {"model": "torneos.partido", "pk": 33, "fields": {"torneo": 28, "ronda": 2, "orden_partido": 57, "equipo1": 133, "equipo2": 130, "ganador": 133, "resultado": "6-1, 6-3", "fecha_hora": "2026-02-22T12:30:00Z", "sets_local": [6, 6], "sets_visitante": [1, 3], "placeholder_e1": "1A", "placeholder_e2": null, "siguiente_partido": 37}}, {"model": "torneos.partido", "pk": 34, "fields": {"torneo": 28, "ronda": 2, "orden_partido": 58, "equipo1": 170, "equipo2": 122, "ganador": 122, "resultado": "5-7, 6-2, 4-6", "fecha_hora": "2026-02-22T13:30:00Z", "sets_local": [5, 6, 4], "sets_visitante": [7, 2, 6], "placeholder_e1": null, "placeholder_e2": "1D", "siguiente_partido": 37}}, {"model": "torneos.partido", "pk": 35, "fields": {"torneo": 28, "ronda": 2, "orden_partido": 59, "equipo1": 136, "equipo2": 124, "ganador": 136, "resultado": "5-7, 6-4, 6-4", "fecha_hora": "2026-02-22T12:30:00Z", "sets_local": [5, 6, 6], "sets_visitante": [7, 4, 4], "placeholder_e1": "1C", "placeholder_e2": null, "siguiente_partido": 38}}, {"model": "torneos.partido", "pk": 36, "fields": {"torneo": 28, "ronda": 2, "orden_partido": 60, "equipo1": 135, "equipo2": 164, "ganador": 164, "resultado": "5-7, 5-7", "fecha_hora": "2026-02-22T13:30:00Z", "sets_local": [5, 5], "sets_visitante": [7, 7], "placeholder_e1": null, "placeholder_e2": "1B", "siguiente_partido": 38}}, {"model": "torneos.partido", "pk": 37, "fields": {"torneo": 28, "ronda": 3, "orden_partido": 61, "equipo1": 133, "equipo2": 122, "ganador": 133, "resultado": "6-4, 4-6, 7-6", "fecha_hora": "2026-02-22T17:00:00Z", "sets_local": [6, 4, 7], "sets_visitante": [4, 6, 6], "placeholder_e1": null, "placeholder_e2": null, "siguiente_partido": 39}}, {"model": "torneos.partido", "pk": 38, "fields": {"torneo": 28, "ronda": 3, "orden_partido": 62, "equipo1": 136, "equipo2": 164, "ganador": 136, "resultado": "7-5, 6-4", "fecha_hora": "2026-02-22T17:00:00Z", "sets_local": [7, 6], "sets_visitante": [5, 4], "placeholder_e1": null, "placeholder_e2": null, "siguiente_partido": 39}}, {"model": "torneos.partido", "pk": 39, "fields": {"torneo": 28, "ronda": 4, "orden_partido": 64, "equipo1": 133, "equipo2": 136, "ganador": 133, "resultado": "6-1, 6-3", "fecha_hora": "2026-02-22T20:15:00Z", "sets_local": [6, 6], "sets_visitante": [1, 3], "placeholder_e1": null, "placeholder_e2": null, "siguiente_partido": null}}]